[{"nome":"Fayre Tume","idade":68,"profissao":"Motorista"},
{"nome":"Jeddy Flintoffe","idade":28,"profissao":"Professor"},
{"nome":"Demott Gotliffe","idade":96,"profissao":"Professor"},
{"nome":"Antoine Norvel","idade":54,"profissao":"Medico"},
{"nome":"Zita Gorrissen","idade":75,"profissao":"Professor"},
{"nome":"Judy Burgise","idade":94,"profissao":"Motorista"},
{"nome":"Dacia MacClancey","idade":29,"profissao":"Medico"},
{"nome":"Clemence Sheals","idade":89,"profissao":"Policial"},
{"nome":"Alicia Willey","idade":60,"profissao":"Policial"},
{"nome":"Thom Haston","idade":47,"profissao":"Motorista"},
{"nome":"Kimberlee Doggart","idade":28,"profissao":"Policial"},
{"nome":"Reece Bucksey","idade":51,"profissao":"Medico"},
{"nome":"Keriann Beynke","idade":77,"profissao":"Policial"},
{"nome":"Marne Essberger","idade":41,"profissao":"Medico"},
{"nome":"Hoebart Drew-Clifton","idade":59,"profissao":"Medico"},
{"nome":"Yuri Gwilliams","idade":39,"profissao":"Medico"},
{"nome":"Quentin Mullarkey","idade":32,"profissao":"Professor"},
{"nome":"Amanda Hele","idade":72,"profissao":"Motorista"},
{"nome":"Kizzee Harbard","idade":32,"profissao":"Motorista"},
{"nome":"Salomone McFaell","idade":78,"profissao":"Professor"},
{"nome":"Morris Stores","idade":65,"profissao":"Professor"},
{"nome":"Ike Naisbitt","idade":80,"profissao":"Motorista"},
{"nome":"Jamesy Nobes","idade":54,"profissao":"Medico"},
{"nome":"Guido Beeching","idade":19,"profissao":"Medico"},
{"nome":"Nita Benneton","idade":67,"profissao":"Medico"},
{"nome":"Clarance Hanrahan","idade":57,"profissao":"Policial"},
{"nome":"Von Kusick","idade":51,"profissao":"Motorista"},
{"nome":"Marnie Attlee","idade":35,"profissao":"Medico"},
{"nome":"Cindi De Bischop","idade":45,"profissao":"Motorista"},
{"nome":"Vincenz Lantiff","idade":64,"profissao":"Medico"},
{"nome":"Priscella Mundwell","idade":79,"profissao":"Medico"},
{"nome":"Wayland Poetz","idade":100,"profissao":"Motorista"},
{"nome":"Joby Stopp","idade":100,"profissao":"Policial"},
{"nome":"Shelby Konzel","idade":97,"profissao":"Professor"},
{"nome":"Morlee Benedito","idade":85,"profissao":"Policial"},
{"nome":"Lin Windham","idade":34,"profissao":"Medico"},
{"nome":"Edita Zieme","idade":21,"profissao":"Medico"},
{"nome":"Zitella Gorrissen","idade":80,"profissao":"Professor"},
{"nome":"Chelsie Hedingham","idade":42,"profissao":"Policial"},
{"nome":"Rich Tows","idade":76,"profissao":"Medico"},
{"nome":"Vale Goroni","idade":54,"profissao":"Medico"},
{"nome":"Wolfgang Cissen","idade":48,"profissao":"Motorista"},
{"nome":"Latashia Melvin","idade":31,"profissao":"Policial"},
{"nome":"Blair Autrie","idade":79,"profissao":"Medico"},
{"nome":"Kelcey Doleman","idade":69,"profissao":"Motorista"},
{"nome":"Estrellita Sutherby","idade":79,"profissao":"Motorista"},
{"nome":"Launce Gunston","idade":47,"profissao":"Professor"},
{"nome":"Alyson Glidden","idade":42,"profissao":"Policial"},
{"nome":"Devinne Lindholm","idade":54,"profissao":"Motorista"},
{"nome":"Keen Muslim","idade":83,"profissao":"Motorista"},
{"nome":"Klemens Spavins","idade":72,"profissao":"Professor"},
{"nome":"Mercy Tummasutti","idade":23,"profissao":"Professor"},
{"nome":"Dahlia Snadden","idade":95,"profissao":"Policial"},
{"nome":"Raphaela Bramer","idade":52,"profissao":"Policial"},
{"nome":"Allix Crunkhorn","idade":61,"profissao":"Policial"},
{"nome":"Marne Mahady","idade":35,"profissao":"Medico"},
{"nome":"Helaina Genike","idade":53,"profissao":"Policial"},
{"nome":"Ravi Gligorijevic","idade":20,"profissao":"Professor"},
{"nome":"Iosep Aizlewood","idade":49,"profissao":"Motorista"},
{"nome":"Karyl Vasiltsov","idade":82,"profissao":"Motorista"},
{"nome":"Tally Clymer","idade":100,"profissao":"Professor"},
{"nome":"Cristie Dillimore","idade":95,"profissao":"Policial"},
{"nome":"Kassi McKenzie","idade":64,"profissao":"Motorista"},
{"nome":"Cassandra Cahalan","idade":36,"profissao":"Policial"},
{"nome":"Annnora Colls","idade":60,"profissao":"Policial"},
{"nome":"Florida Babbidge","idade":36,"profissao":"Professor"},
{"nome":"Viv Freyne","idade":78,"profissao":"Medico"},
{"nome":"Janis Lomis","idade":78,"profissao":"Professor"},
{"nome":"Darelle Farfolomeev","idade":89,"profissao":"Policial"},
{"nome":"Janelle Abdey","idade":31,"profissao":"Professor"},
{"nome":"Vernice Stormonth","idade":42,"profissao":"Motorista"},
{"nome":"Reynard Bondley","idade":59,"profissao":"Medico"},
{"nome":"Drona Hellen","idade":83,"profissao":"Professor"},
{"nome":"Fredi Durber","idade":75,"profissao":"Policial"},
{"nome":"Jeffie Braithwaite","idade":70,"profissao":"Professor"},
{"nome":"Bertha Ferrettini","idade":72,"profissao":"Medico"},
{"nome":"Olympe Hamal","idade":21,"profissao":"Motorista"},
{"nome":"Rosamund Antyukhin","idade":99,"profissao":"Professor"},
{"nome":"Devland Hember","idade":63,"profissao":"Motorista"},
{"nome":"Monro Carthew","idade":83,"profissao":"Motorista"},
{"nome":"Brittne Traviss","idade":48,"profissao":"Professor"},
{"nome":"Jacob Barthot","idade":54,"profissao":"Motorista"},
{"nome":"Arlinda Wines","idade":76,"profissao":"Professor"},
{"nome":"Marlowe Websdale","idade":64,"profissao":"Policial"},
{"nome":"Siouxie Smouten","idade":30,"profissao":"Policial"},
{"nome":"Ezekiel Eirwin","idade":30,"profissao":"Professor"},
{"nome":"Leandra Donnell","idade":42,"profissao":"Policial"},
{"nome":"Micki Pemberton","idade":51,"profissao":"Motorista"},
{"nome":"Clair Treher","idade":41,"profissao":"Professor"},
{"nome":"Darell McAlpin","idade":42,"profissao":"Professor"},
{"nome":"Barbra Caudle","idade":84,"profissao":"Professor"},
{"nome":"Aili Cardno","idade":24,"profissao":"Motorista"},
{"nome":"Melinda McCritichie","idade":40,"profissao":"Medico"},
{"nome":"Petr Gripton","idade":19,"profissao":"Professor"},
{"nome":"Benetta Tubridy","idade":55,"profissao":"Motorista"},
{"nome":"Quinton O'Lunny","idade":53,"profissao":"Motorista"},
{"nome":"Eddie Iggulden","idade":81,"profissao":"Policial"},
{"nome":"Fulton Borrel","idade":64,"profissao":"Policial"},
{"nome":"Bernete Sanson","idade":40,"profissao":"Policial"},
{"nome":"Celeste Dalloway","idade":94,"profissao":"Policial"},
{"nome":"Robby Arnatt","idade":55,"profissao":"Medico"},
{"nome":"Greer Baudassi","idade":32,"profissao":"Motorista"},
{"nome":"Oralle Van Son","idade":74,"profissao":"Policial"},
{"nome":"Farrell Foro","idade":45,"profissao":"Policial"},
{"nome":"Inger Rigney","idade":41,"profissao":"Policial"},
{"nome":"Rafferty Autie","idade":44,"profissao":"Motorista"},
{"nome":"Eustacia Corbould","idade":31,"profissao":"Professor"},
{"nome":"Denni Frost","idade":29,"profissao":"Policial"},
{"nome":"Eryn Keasley","idade":26,"profissao":"Medico"},
{"nome":"Kellen Mingauld","idade":58,"profissao":"Medico"},
{"nome":"Jenine Huriche","idade":23,"profissao":"Motorista"},
{"nome":"Blancha Matejovsky","idade":34,"profissao":"Professor"},
{"nome":"Morna Ellse","idade":79,"profissao":"Motorista"},
{"nome":"Rod Claisse","idade":70,"profissao":"Medico"},
{"nome":"William Gianuzzi","idade":41,"profissao":"Medico"},
{"nome":"Gilberto Congreve","idade":26,"profissao":"Policial"},
{"nome":"Bertie Ducarne","idade":76,"profissao":"Professor"},
{"nome":"Nicol Barbosa","idade":28,"profissao":"Policial"},
{"nome":"Minny Boast","idade":23,"profissao":"Motorista"},
{"nome":"Port Nott","idade":47,"profissao":"Motorista"},
{"nome":"Ninon Tomkowicz","idade":83,"profissao":"Professor"},
{"nome":"Ellynn Bliss","idade":61,"profissao":"Professor"},
{"nome":"Mar Hiskey","idade":71,"profissao":"Motorista"},
{"nome":"Doti Bagnell","idade":69,"profissao":"Medico"},
{"nome":"Blinnie Richarson","idade":53,"profissao":"Medico"},
{"nome":"Tedd Kroin","idade":93,"profissao":"Policial"},
{"nome":"Joane Schistl","idade":91,"profissao":"Motorista"},
{"nome":"Meredith Winspire","idade":33,"profissao":"Policial"},
{"nome":"Judon Gommery","idade":34,"profissao":"Medico"},
{"nome":"Wallis Paumier","idade":77,"profissao":"Policial"},
{"nome":"Edlin Burnsell","idade":35,"profissao":"Professor"},
{"nome":"Aluin Walcar","idade":33,"profissao":"Professor"},
{"nome":"Maxine Coburn","idade":75,"profissao":"Motorista"},
{"nome":"Florinda Ilett","idade":34,"profissao":"Policial"},
{"nome":"Shelba Bainton","idade":67,"profissao":"Motorista"},
{"nome":"Lucretia Willingham","idade":90,"profissao":"Motorista"},
{"nome":"Bord Jacobowicz","idade":43,"profissao":"Medico"},
{"nome":"Ali Scallon","idade":50,"profissao":"Motorista"},
{"nome":"Myrilla Roxburgh","idade":37,"profissao":"Medico"},
{"nome":"Sanford Raulstone","idade":100,"profissao":"Medico"},
{"nome":"Barry Critch","idade":37,"profissao":"Medico"},
{"nome":"Fenelia Hirsthouse","idade":79,"profissao":"Policial"},
{"nome":"Huntley Pinfold","idade":49,"profissao":"Medico"},
{"nome":"Goddard Ivanishin","idade":38,"profissao":"Motorista"},
{"nome":"Gil Seager","idade":48,"profissao":"Motorista"},
{"nome":"Rad MacCawley","idade":78,"profissao":"Professor"},
{"nome":"Ky Bentote","idade":70,"profissao":"Policial"},
{"nome":"Dietrich Avarne","idade":36,"profissao":"Policial"},
{"nome":"Fanny Sumers","idade":18,"profissao":"Policial"},
{"nome":"Federica Wombwell","idade":92,"profissao":"Professor"},
{"nome":"Germaine Glanvill","idade":28,"profissao":"Motorista"},
{"nome":"Marmaduke Timblett","idade":77,"profissao":"Motorista"},
{"nome":"Moll Dabel","idade":53,"profissao":"Motorista"},
{"nome":"Ashley Adie","idade":64,"profissao":"Professor"},
{"nome":"Anna Dring","idade":31,"profissao":"Policial"},
{"nome":"Atalanta Adamolli","idade":32,"profissao":"Professor"},
{"nome":"Lodovico Warrender","idade":67,"profissao":"Professor"},
{"nome":"Sheppard Beton","idade":30,"profissao":"Professor"},
{"nome":"Jocko Waumsley","idade":81,"profissao":"Policial"},
{"nome":"Cole Smolan","idade":57,"profissao":"Policial"},
{"nome":"Audrye Newhouse","idade":78,"profissao":"Motorista"},
{"nome":"Joela Oldnall","idade":73,"profissao":"Medico"},
{"nome":"Bartholomeo Ridulfo","idade":46,"profissao":"Motorista"},
{"nome":"Orrin Mariotte","idade":37,"profissao":"Motorista"},
{"nome":"Arnoldo Wolfinger","idade":49,"profissao":"Professor"},
{"nome":"Megen Essery","idade":67,"profissao":"Motorista"},
{"nome":"Shelbi Gustus","idade":51,"profissao":"Motorista"},
{"nome":"Trina Duplock","idade":77,"profissao":"Medico"},
{"nome":"Cristabel Beert","idade":22,"profissao":"Motorista"},
{"nome":"Pauletta Shaughnessy","idade":65,"profissao":"Medico"},
{"nome":"Ali Tomkin","idade":75,"profissao":"Medico"},
{"nome":"Ronni Brane","idade":73,"profissao":"Policial"},
{"nome":"Lazaro Edison","idade":98,"profissao":"Medico"},
{"nome":"Cynthea Higford","idade":34,"profissao":"Professor"},
{"nome":"Carley Sturridge","idade":57,"profissao":"Motorista"},
{"nome":"Brandyn Pocknell","idade":65,"profissao":"Professor"},
{"nome":"Florie Ronayne","idade":41,"profissao":"Motorista"},
{"nome":"Justinn Persey","idade":71,"profissao":"Professor"},
{"nome":"Petunia Deeprose","idade":93,"profissao":"Motorista"},
{"nome":"Meryl Bickerdyke","idade":81,"profissao":"Policial"},
{"nome":"Peg McUre","idade":56,"profissao":"Motorista"},
{"nome":"Levy Hailes","idade":100,"profissao":"Medico"},
{"nome":"Skipton Hallsworth","idade":29,"profissao":"Professor"},
{"nome":"Rowney Darkott","idade":78,"profissao":"Policial"},
{"nome":"Deena Wyles","idade":75,"profissao":"Professor"},
{"nome":"Sela Filippucci","idade":78,"profissao":"Motorista"},
{"nome":"Gaby Heintsch","idade":64,"profissao":"Policial"},
{"nome":"Brenden Dimmer","idade":96,"profissao":"Motorista"},
{"nome":"Willy Ranking","idade":21,"profissao":"Medico"},
{"nome":"Gabriele Vinck","idade":74,"profissao":"Medico"},
{"nome":"Coleman Cheer","idade":76,"profissao":"Motorista"},
{"nome":"Cordelie Furzer","idade":55,"profissao":"Professor"},
{"nome":"Ginelle Sambals","idade":74,"profissao":"Medico"},
{"nome":"Tedie Sweatman","idade":37,"profissao":"Medico"},
{"nome":"Robbert Wingrove","idade":56,"profissao":"Policial"},
{"nome":"Hamel Pidcock","idade":94,"profissao":"Professor"},
{"nome":"Jaquelyn De Ambrosis","idade":98,"profissao":"Professor"},
{"nome":"Abram Blackburn","idade":100,"profissao":"Professor"},
{"nome":"Arty Behrendsen","idade":41,"profissao":"Policial"},
{"nome":"Sandy Matelyunas","idade":55,"profissao":"Medico"},
{"nome":"Osborne Rushman","idade":54,"profissao":"Policial"},
{"nome":"Ali Bickerstasse","idade":50,"profissao":"Motorista"},
{"nome":"Quinn Garrison","idade":91,"profissao":"Medico"},
{"nome":"Daffy Belchem","idade":54,"profissao":"Policial"},
{"nome":"Peyton Ball","idade":18,"profissao":"Policial"},
{"nome":"Adella Hitchens","idade":59,"profissao":"Policial"},
{"nome":"Kylie Raft","idade":57,"profissao":"Medico"},
{"nome":"Ansel Kenrack","idade":88,"profissao":"Professor"},
{"nome":"Nappie Oxberry","idade":96,"profissao":"Policial"},
{"nome":"Laurie Ortsmann","idade":65,"profissao":"Medico"},
{"nome":"Nicholle Hudghton","idade":78,"profissao":"Policial"},
{"nome":"Fred Gethyn","idade":82,"profissao":"Policial"},
{"nome":"Mareah Bancroft","idade":27,"profissao":"Policial"},
{"nome":"Vanny Racine","idade":98,"profissao":"Motorista"},
{"nome":"Cordey Digwood","idade":53,"profissao":"Policial"},
{"nome":"Reamonn Rilton","idade":44,"profissao":"Policial"},
{"nome":"Binni Garrish","idade":85,"profissao":"Medico"},
{"nome":"Walsh Tschursch","idade":81,"profissao":"Medico"},
{"nome":"Rhianon Drysdale","idade":92,"profissao":"Policial"},
{"nome":"Silvain Amoore","idade":46,"profissao":"Medico"},
{"nome":"Clarke Harbron","idade":27,"profissao":"Policial"},
{"nome":"Salem Symper","idade":26,"profissao":"Medico"},
{"nome":"Willi Southern","idade":23,"profissao":"Policial"},
{"nome":"Nils Twomey","idade":44,"profissao":"Professor"},
{"nome":"Teador Beedham","idade":63,"profissao":"Professor"},
{"nome":"Aloisia Stillmann","idade":59,"profissao":"Professor"},
{"nome":"Dudley Whenman","idade":25,"profissao":"Professor"},
{"nome":"Wilma Guerra","idade":56,"profissao":"Policial"},
{"nome":"Quintus MacGowing","idade":88,"profissao":"Professor"},
{"nome":"Adrianne Leadbeater","idade":79,"profissao":"Professor"},
{"nome":"Lombard Fryers","idade":28,"profissao":"Policial"},
{"nome":"Nickolaus Reynolds","idade":97,"profissao":"Professor"},
{"nome":"Nil Tomasello","idade":69,"profissao":"Medico"},
{"nome":"Sheff Tregiddo","idade":48,"profissao":"Motorista"},
{"nome":"Ab Biset","idade":19,"profissao":"Policial"},
{"nome":"Sterling Dax","idade":38,"profissao":"Motorista"},
{"nome":"Brit Semor","idade":57,"profissao":"Medico"},
{"nome":"Gregoor Addison","idade":30,"profissao":"Policial"},
{"nome":"Benjamin Muckian","idade":29,"profissao":"Motorista"},
{"nome":"Xenia Kalinovich","idade":74,"profissao":"Medico"},
{"nome":"Glenda McCurdy","idade":38,"profissao":"Professor"},
{"nome":"Zacharias Raveau","idade":73,"profissao":"Medico"},
{"nome":"Jo Grahamslaw","idade":65,"profissao":"Medico"},
{"nome":"Kristopher Mechi","idade":81,"profissao":"Motorista"},
{"nome":"Orland Zealander","idade":88,"profissao":"Motorista"},
{"nome":"Bertha Abelwhite","idade":96,"profissao":"Motorista"},
{"nome":"Harp Jensen","idade":96,"profissao":"Policial"},
{"nome":"Ben Kilfoyle","idade":62,"profissao":"Medico"},
{"nome":"Luce Branwhite","idade":61,"profissao":"Professor"},
{"nome":"Donovan Rawlence","idade":36,"profissao":"Medico"},
{"nome":"Olav Probets","idade":65,"profissao":"Policial"},
{"nome":"Ax Ruste","idade":69,"profissao":"Professor"},
{"nome":"Ashby Etchells","idade":54,"profissao":"Medico"},
{"nome":"Burl Fuller","idade":83,"profissao":"Motorista"},
{"nome":"Delmore Scantlebury","idade":82,"profissao":"Medico"},
{"nome":"Tiffy Gricks","idade":70,"profissao":"Professor"},
{"nome":"Hewett Hallick","idade":86,"profissao":"Professor"},
{"nome":"Otho Ringham","idade":50,"profissao":"Policial"},
{"nome":"Roley Geekie","idade":81,"profissao":"Motorista"},
{"nome":"Hymie Birley","idade":40,"profissao":"Motorista"},
{"nome":"Caty Lowes","idade":57,"profissao":"Professor"},
{"nome":"Win Parzis","idade":21,"profissao":"Motorista"},
{"nome":"Kimberly Benger","idade":43,"profissao":"Policial"},
{"nome":"Goddard Twyning","idade":44,"profissao":"Policial"},
{"nome":"Clay Staddart","idade":67,"profissao":"Medico"},
{"nome":"Jocelin Ead","idade":84,"profissao":"Medico"},
{"nome":"Thatch Sparwell","idade":95,"profissao":"Motorista"},
{"nome":"Tedie Berzins","idade":80,"profissao":"Medico"},
{"nome":"Cross Thorp","idade":58,"profissao":"Professor"},
{"nome":"Levy Yarrall","idade":98,"profissao":"Policial"},
{"nome":"Ingelbert Ashwell","idade":38,"profissao":"Medico"},
{"nome":"Candy Maffione","idade":80,"profissao":"Medico"},
{"nome":"Shirline Paterson","idade":89,"profissao":"Professor"},
{"nome":"Lambert Burgon","idade":89,"profissao":"Policial"},
{"nome":"Minnnie Stickels","idade":21,"profissao":"Motorista"},
{"nome":"Jonas Thorns","idade":55,"profissao":"Motorista"},
{"nome":"Rory McGoon","idade":92,"profissao":"Professor"},
{"nome":"Armand Ackerman","idade":68,"profissao":"Medico"},
{"nome":"Mack Kingaby","idade":53,"profissao":"Medico"},
{"nome":"Barnebas Gladstone","idade":64,"profissao":"Professor"},
{"nome":"George Goodram","idade":39,"profissao":"Medico"},
{"nome":"Rafa Celler","idade":69,"profissao":"Medico"},
{"nome":"Malina Grayham","idade":46,"profissao":"Motorista"},
{"nome":"Chrisy Perse","idade":66,"profissao":"Motorista"},
{"nome":"Anneliese Dodge","idade":44,"profissao":"Medico"},
{"nome":"Benita Borres","idade":96,"profissao":"Motorista"},
{"nome":"Meridel Beavers","idade":61,"profissao":"Medico"},
{"nome":"Gena Jee","idade":84,"profissao":"Professor"},
{"nome":"Brietta Seyffert","idade":98,"profissao":"Medico"},
{"nome":"Isobel Everil","idade":81,"profissao":"Professor"},
{"nome":"Evin Sitch","idade":31,"profissao":"Policial"},
{"nome":"Jerome Brennand","idade":66,"profissao":"Policial"},
{"nome":"Gard Ratcliff","idade":65,"profissao":"Medico"},
{"nome":"Tremaine Duxbarry","idade":48,"profissao":"Professor"},
{"nome":"Cathie Remmers","idade":23,"profissao":"Medico"},
{"nome":"Ardelle Espina","idade":99,"profissao":"Medico"},
{"nome":"Casi Peye","idade":18,"profissao":"Motorista"},
{"nome":"Stavros Molloy","idade":77,"profissao":"Motorista"},
{"nome":"Rebbecca Patey","idade":79,"profissao":"Policial"},
{"nome":"Aloise Wilber","idade":42,"profissao":"Professor"},
{"nome":"Julina Everill","idade":47,"profissao":"Medico"},
{"nome":"Marji Doche","idade":64,"profissao":"Motorista"},
{"nome":"Osgood Batrip","idade":38,"profissao":"Medico"},
{"nome":"Devinne Holdworth","idade":71,"profissao":"Professor"},
{"nome":"Geoffrey Carlson","idade":53,"profissao":"Professor"},
{"nome":"Fay Bettam","idade":81,"profissao":"Policial"},
{"nome":"Sandy Turfitt","idade":32,"profissao":"Medico"},
{"nome":"Lesley Cowser","idade":23,"profissao":"Professor"},
{"nome":"Jennilee Labden","idade":47,"profissao":"Policial"},
{"nome":"Eudora Lubomirski","idade":26,"profissao":"Professor"},
{"nome":"Artemas Matthis","idade":98,"profissao":"Professor"},
{"nome":"Finley Khilkov","idade":28,"profissao":"Motorista"},
{"nome":"Marillin Ikringill","idade":54,"profissao":"Motorista"},
{"nome":"Vonnie Drakard","idade":20,"profissao":"Professor"},
{"nome":"Gwyneth Persich","idade":91,"profissao":"Medico"},
{"nome":"Monique Monaghan","idade":64,"profissao":"Medico"},
{"nome":"Isak Faunch","idade":100,"profissao":"Motorista"},
{"nome":"Hobie Gribble","idade":21,"profissao":"Motorista"},
{"nome":"Karlan Reck","idade":61,"profissao":"Medico"},
{"nome":"Marne Tellenbrook","idade":82,"profissao":"Policial"},
{"nome":"Norby Kennedy","idade":42,"profissao":"Medico"},
{"nome":"Cesar Scarf","idade":87,"profissao":"Policial"},
{"nome":"Arch Reggler","idade":32,"profissao":"Medico"},
{"nome":"Joyann Davidovics","idade":64,"profissao":"Medico"},
{"nome":"Beckie O'Neil","idade":21,"profissao":"Medico"},
{"nome":"Meredeth Kennewell","idade":37,"profissao":"Motorista"},
{"nome":"Gwyn Blucher","idade":32,"profissao":"Policial"},
{"nome":"Agata Leroy","idade":30,"profissao":"Policial"},
{"nome":"Petunia Hedgeman","idade":51,"profissao":"Professor"},
{"nome":"Florida Note","idade":19,"profissao":"Policial"},
{"nome":"Davine Caesmans","idade":36,"profissao":"Policial"},
{"nome":"Erika Mont","idade":29,"profissao":"Medico"},
{"nome":"Chloe Ferrini","idade":26,"profissao":"Motorista"},
{"nome":"Yorke Culwen","idade":91,"profissao":"Policial"},
{"nome":"Jo Benez","idade":63,"profissao":"Policial"},
{"nome":"Dante Malafe","idade":85,"profissao":"Motorista"},
{"nome":"Enriqueta Le Huquet","idade":29,"profissao":"Medico"},
{"nome":"Harold Southouse","idade":36,"profissao":"Policial"},
{"nome":"Nevin Greenroad","idade":37,"profissao":"Policial"},
{"nome":"Pierce Stump","idade":85,"profissao":"Medico"},
{"nome":"Enoch Livings","idade":72,"profissao":"Professor"},
{"nome":"Mallory Shelvey","idade":58,"profissao":"Policial"},
{"nome":"Lyndell MacDearmont","idade":65,"profissao":"Medico"},
{"nome":"Tandy Cleyne","idade":63,"profissao":"Medico"},
{"nome":"Gisele Ibert","idade":50,"profissao":"Medico"},
{"nome":"Devi Lachaize","idade":53,"profissao":"Motorista"},
{"nome":"Rubina Careless","idade":98,"profissao":"Policial"},
{"nome":"Chad Burdikin","idade":69,"profissao":"Professor"},
{"nome":"Anthony Cuxson","idade":22,"profissao":"Professor"},
{"nome":"Lothaire Monkeman","idade":52,"profissao":"Policial"},
{"nome":"Julietta Shorthill","idade":37,"profissao":"Professor"},
{"nome":"Seward Stooke","idade":31,"profissao":"Medico"},
{"nome":"Prisca Balasini","idade":77,"profissao":"Professor"},
{"nome":"Barbabra Rottcher","idade":38,"profissao":"Policial"},
{"nome":"Linell Coviello","idade":77,"profissao":"Motorista"},
{"nome":"Helen Crumpton","idade":43,"profissao":"Medico"},
{"nome":"Bern Abbotson","idade":98,"profissao":"Motorista"},
{"nome":"Latashia Firpo","idade":74,"profissao":"Policial"},
{"nome":"Bryanty Easen","idade":27,"profissao":"Medico"},
{"nome":"Erwin Cromer","idade":93,"profissao":"Motorista"},
{"nome":"Ammamaria Nolot","idade":66,"profissao":"Professor"},
{"nome":"Carolyn Castello","idade":78,"profissao":"Motorista"},
{"nome":"Norbert MacCallion","idade":20,"profissao":"Medico"},
{"nome":"Damaris Tremmil","idade":71,"profissao":"Medico"},
{"nome":"Aryn Raddin","idade":51,"profissao":"Motorista"},
{"nome":"Gerard Pirrie","idade":43,"profissao":"Medico"},
{"nome":"Aymer Kadwallider","idade":42,"profissao":"Policial"},
{"nome":"Roanne German","idade":89,"profissao":"Policial"},
{"nome":"Vachel Luciano","idade":92,"profissao":"Professor"},
{"nome":"Marylee Feary","idade":87,"profissao":"Motorista"},
{"nome":"Aila Giacobo","idade":64,"profissao":"Professor"},
{"nome":"Neille Weymouth","idade":96,"profissao":"Policial"},
{"nome":"Woody Wemes","idade":55,"profissao":"Professor"},
{"nome":"Merilyn Bohler","idade":98,"profissao":"Medico"},
{"nome":"Gunter Roston","idade":58,"profissao":"Medico"},
{"nome":"Rancell Oleszczak","idade":58,"profissao":"Medico"},
{"nome":"Arnold Cockhill","idade":65,"profissao":"Motorista"},
{"nome":"Phaedra Raye","idade":65,"profissao":"Professor"},
{"nome":"Kevin Sprague","idade":98,"profissao":"Professor"},
{"nome":"Cecilia Andree","idade":71,"profissao":"Policial"},
{"nome":"Nata Thomerson","idade":74,"profissao":"Motorista"},
{"nome":"Merrel Currier","idade":31,"profissao":"Medico"},
{"nome":"Dorris Covet","idade":64,"profissao":"Medico"},
{"nome":"Raoul Mateu","idade":88,"profissao":"Medico"},
{"nome":"Tatum Buttriss","idade":99,"profissao":"Professor"},
{"nome":"David Huntington","idade":18,"profissao":"Medico"},
{"nome":"Granny Meech","idade":70,"profissao":"Policial"},
{"nome":"Nanice Hincham","idade":100,"profissao":"Motorista"},
{"nome":"Edward Dickons","idade":76,"profissao":"Medico"},
{"nome":"Shae Eustice","idade":88,"profissao":"Policial"},
{"nome":"Rickert Paolacci","idade":40,"profissao":"Professor"},
{"nome":"De witt Crawforth","idade":53,"profissao":"Medico"},
{"nome":"Imogen Kopecka","idade":95,"profissao":"Policial"},
{"nome":"Leonidas Hardingham","idade":38,"profissao":"Professor"},
{"nome":"Mirabel Lidierth","idade":45,"profissao":"Policial"},
{"nome":"Jewel Leipelt","idade":27,"profissao":"Policial"},
{"nome":"Archy Lamonby","idade":72,"profissao":"Professor"},
{"nome":"Chloris Kapelhof","idade":64,"profissao":"Professor"},
{"nome":"Joey Tarrier","idade":48,"profissao":"Medico"},
{"nome":"Glenine Parke","idade":30,"profissao":"Professor"},
{"nome":"Cissy Ragate","idade":48,"profissao":"Professor"},
{"nome":"Suzanne Sherel","idade":77,"profissao":"Medico"},
{"nome":"Serge Paulitschke","idade":54,"profissao":"Medico"},
{"nome":"Roxane Eric","idade":60,"profissao":"Policial"},
{"nome":"Gwen Watman","idade":68,"profissao":"Medico"},
{"nome":"Myrna Richie","idade":39,"profissao":"Medico"},
{"nome":"Eve Styant","idade":73,"profissao":"Policial"},
{"nome":"Willa MacCulloch","idade":79,"profissao":"Policial"},
{"nome":"Harp Hargrave","idade":86,"profissao":"Professor"},
{"nome":"Felice Yegorkin","idade":22,"profissao":"Medico"},
{"nome":"Violette Berrycloth","idade":72,"profissao":"Professor"},
{"nome":"Enrika Chimenti","idade":89,"profissao":"Motorista"},
{"nome":"Ayn Dossit","idade":54,"profissao":"Policial"},
{"nome":"Melody Adamowicz","idade":84,"profissao":"Motorista"},
{"nome":"Agneta Stones","idade":23,"profissao":"Professor"},
{"nome":"Ashlie Jessen","idade":49,"profissao":"Motorista"},
{"nome":"Reece Kundt","idade":25,"profissao":"Professor"},
{"nome":"Ainslee Foster","idade":53,"profissao":"Motorista"},
{"nome":"Julina Vacher","idade":32,"profissao":"Motorista"},
{"nome":"Tudor Mamwell","idade":79,"profissao":"Professor"},
{"nome":"Chrissie Kuscha","idade":29,"profissao":"Motorista"},
{"nome":"Lonny Pymm","idade":24,"profissao":"Motorista"},
{"nome":"Creight Capini","idade":99,"profissao":"Professor"},
{"nome":"Thatcher Jeeves","idade":99,"profissao":"Medico"},
{"nome":"Bennett Perelli","idade":81,"profissao":"Policial"},
{"nome":"Austen Gilardi","idade":34,"profissao":"Medico"},
{"nome":"Pietrek Laugharne","idade":79,"profissao":"Policial"},
{"nome":"Raffarty Coultas","idade":67,"profissao":"Motorista"},
{"nome":"Engracia Trevaskis","idade":82,"profissao":"Medico"},
{"nome":"Goober Ruddock","idade":64,"profissao":"Medico"},
{"nome":"Rita O'Quin","idade":88,"profissao":"Professor"},
{"nome":"Jemie Ellor","idade":26,"profissao":"Policial"},
{"nome":"Tarah Luca","idade":66,"profissao":"Motorista"},
{"nome":"Nancey Wyndham","idade":19,"profissao":"Motorista"},
{"nome":"Haven Mallia","idade":55,"profissao":"Motorista"},
{"nome":"Cornie Ivanyushin","idade":99,"profissao":"Professor"},
{"nome":"Olivette Latek","idade":91,"profissao":"Medico"},
{"nome":"Sayre Basterfield","idade":23,"profissao":"Medico"},
{"nome":"Mariquilla Itschakov","idade":92,"profissao":"Policial"},
{"nome":"Candida Roadnight","idade":28,"profissao":"Medico"},
{"nome":"Kristoffer McGrey","idade":85,"profissao":"Professor"},
{"nome":"Norina Leathard","idade":38,"profissao":"Medico"},
{"nome":"Florencia Ellice","idade":64,"profissao":"Policial"},
{"nome":"Kenyon State","idade":62,"profissao":"Motorista"},
{"nome":"Caryn Duke","idade":92,"profissao":"Medico"},
{"nome":"Adams Peizer","idade":51,"profissao":"Professor"},
{"nome":"Mattheus Serrurier","idade":60,"profissao":"Professor"},
{"nome":"Edvard Berends","idade":19,"profissao":"Professor"},
{"nome":"Cristy Hallbird","idade":76,"profissao":"Policial"},
{"nome":"Madeleine Beale","idade":35,"profissao":"Medico"},
{"nome":"Blane Alasdair","idade":63,"profissao":"Motorista"},
{"nome":"Marchall Sheavills","idade":51,"profissao":"Motorista"},
{"nome":"Kenton Gurner","idade":44,"profissao":"Policial"},
{"nome":"Gerladina Loughlin","idade":33,"profissao":"Motorista"},
{"nome":"Niko Cragoe","idade":74,"profissao":"Medico"},
{"nome":"Jeramey Chamley","idade":44,"profissao":"Motorista"},
{"nome":"Farris Jedraszczyk","idade":44,"profissao":"Professor"},
{"nome":"Leena Philippard","idade":27,"profissao":"Motorista"},
{"nome":"Matias Boldt","idade":51,"profissao":"Medico"},
{"nome":"Aubrie O'Crevan","idade":96,"profissao":"Motorista"},
{"nome":"Bentlee Allanby","idade":30,"profissao":"Professor"},
{"nome":"Coral Tackley","idade":19,"profissao":"Professor"},
{"nome":"Siffre Askwith","idade":32,"profissao":"Motorista"},
{"nome":"Aristotle Brithman","idade":75,"profissao":"Motorista"},
{"nome":"Armin Choffin","idade":25,"profissao":"Motorista"},
{"nome":"Jacklin Graybeal","idade":68,"profissao":"Medico"},
{"nome":"Wendi Gheorghescu","idade":94,"profissao":"Professor"},
{"nome":"Bronnie Bendon","idade":100,"profissao":"Policial"},
{"nome":"Casi Shearn","idade":82,"profissao":"Policial"},
{"nome":"Jeremias Burtt","idade":80,"profissao":"Motorista"},
{"nome":"Claudetta Ebben","idade":59,"profissao":"Medico"},
{"nome":"Berenice Thecham","idade":53,"profissao":"Medico"},
{"nome":"Inez Balls","idade":46,"profissao":"Motorista"},
{"nome":"Joly Roughan","idade":53,"profissao":"Policial"},
{"nome":"Carlee Sieb","idade":19,"profissao":"Medico"},
{"nome":"Rolph Grzeszczyk","idade":58,"profissao":"Policial"},
{"nome":"Tillie Guerrin","idade":38,"profissao":"Professor"},
{"nome":"Jessamine Tanslie","idade":50,"profissao":"Medico"},
{"nome":"Shay Hassewell","idade":55,"profissao":"Professor"},
{"nome":"Nicholas Urien","idade":57,"profissao":"Medico"},
{"nome":"Averyl Narramore","idade":26,"profissao":"Medico"},
{"nome":"Harry Chestle","idade":31,"profissao":"Policial"},
{"nome":"Jemmy Asman","idade":53,"profissao":"Policial"},
{"nome":"Retha Kobiela","idade":95,"profissao":"Policial"},
{"nome":"Francisco Shewen","idade":95,"profissao":"Motorista"},
{"nome":"Vaclav Thurby","idade":100,"profissao":"Medico"},
{"nome":"Murray Stiggles","idade":19,"profissao":"Medico"},
{"nome":"Allie Shemilt","idade":99,"profissao":"Policial"},
{"nome":"Annette Sime","idade":62,"profissao":"Professor"},
{"nome":"Zack Bonson","idade":45,"profissao":"Professor"},
{"nome":"Ortensia Riccio","idade":58,"profissao":"Motorista"},
{"nome":"Colette Fraanchyonok","idade":47,"profissao":"Medico"},
{"nome":"Ronnie Zanicchelli","idade":64,"profissao":"Policial"},
{"nome":"Audry Galvan","idade":50,"profissao":"Professor"},
{"nome":"Olva Georgeou","idade":21,"profissao":"Policial"},
{"nome":"Jaime Gallihaulk","idade":56,"profissao":"Motorista"},
{"nome":"Ortensia Dericot","idade":42,"profissao":"Policial"},
{"nome":"Gilberta Poynor","idade":38,"profissao":"Medico"},
{"nome":"Lonni Dewdney","idade":27,"profissao":"Policial"},
{"nome":"Haven Heavy","idade":25,"profissao":"Medico"},
{"nome":"Elysia Acock","idade":22,"profissao":"Policial"},
{"nome":"Glenn Renak","idade":54,"profissao":"Policial"},
{"nome":"Glen Moscrop","idade":28,"profissao":"Professor"},
{"nome":"Briny Rosone","idade":85,"profissao":"Policial"},
{"nome":"Aida Wahlberg","idade":57,"profissao":"Professor"},
{"nome":"Ben Dartnell","idade":63,"profissao":"Policial"},
{"nome":"Crista Pridham","idade":67,"profissao":"Professor"},
{"nome":"Rogerio Morl","idade":74,"profissao":"Professor"},
{"nome":"Cindie Reboul","idade":65,"profissao":"Professor"},
{"nome":"Langston Yallowley","idade":53,"profissao":"Professor"},
{"nome":"Lisette Hanvey","idade":72,"profissao":"Medico"},
{"nome":"Fernande Merwe","idade":42,"profissao":"Professor"},
{"nome":"Orion de Castelain","idade":83,"profissao":"Motorista"},
{"nome":"Gwenora Goodlake","idade":85,"profissao":"Medico"},
{"nome":"Alvin Huntley","idade":50,"profissao":"Policial"},
{"nome":"Jorey Lovick","idade":73,"profissao":"Medico"},
{"nome":"Zed Fechnie","idade":58,"profissao":"Professor"},
{"nome":"Roberta Hehl","idade":51,"profissao":"Motorista"},
{"nome":"Al Connochie","idade":69,"profissao":"Professor"},
{"nome":"Nancy Deane","idade":30,"profissao":"Professor"},
{"nome":"Tonia Borrington","idade":94,"profissao":"Medico"},
{"nome":"Simone Maith","idade":38,"profissao":"Policial"},
{"nome":"Winni Touson","idade":74,"profissao":"Professor"},
{"nome":"Alejoa Dumke","idade":30,"profissao":"Professor"},
{"nome":"Shelbi Geeraert","idade":50,"profissao":"Professor"},
{"nome":"Lem Kobiera","idade":91,"profissao":"Professor"},
{"nome":"Lilah Couronne","idade":28,"profissao":"Medico"},
{"nome":"Leticia Grinaugh","idade":85,"profissao":"Motorista"},
{"nome":"Fielding Chaster","idade":52,"profissao":"Policial"},
{"nome":"Gordie Codi","idade":37,"profissao":"Medico"},
{"nome":"Tarrah Hallt","idade":68,"profissao":"Professor"},
{"nome":"Niles Skottle","idade":83,"profissao":"Motorista"},
{"nome":"Stephanus Toman","idade":19,"profissao":"Professor"},
{"nome":"Neill Kleinsmuntz","idade":33,"profissao":"Motorista"},
{"nome":"Rory Aleshkov","idade":27,"profissao":"Policial"},
{"nome":"Isabella Trodden","idade":29,"profissao":"Professor"},
{"nome":"Agna Strippel","idade":87,"profissao":"Professor"},
{"nome":"Angy Nuth","idade":61,"profissao":"Policial"},
{"nome":"Beverly Dallaghan","idade":31,"profissao":"Policial"},
{"nome":"Annabel Daniels","idade":86,"profissao":"Medico"},
{"nome":"Vernice Bustard","idade":29,"profissao":"Medico"},
{"nome":"Bernie Ratcliffe","idade":32,"profissao":"Policial"},
{"nome":"Raffarty Halward","idade":48,"profissao":"Motorista"},
{"nome":"Stefania Rankine","idade":42,"profissao":"Motorista"},
{"nome":"Maurita Riggert","idade":19,"profissao":"Professor"},
{"nome":"Devland Bhatia","idade":60,"profissao":"Policial"},
{"nome":"Tony Sinclar","idade":45,"profissao":"Motorista"},
{"nome":"Jandy Fright","idade":72,"profissao":"Policial"},
{"nome":"Wilden Burwin","idade":58,"profissao":"Motorista"},
{"nome":"Raye Speares","idade":23,"profissao":"Motorista"},
{"nome":"Sanson Prigg","idade":60,"profissao":"Motorista"},
{"nome":"Grady Aldwick","idade":66,"profissao":"Policial"},
{"nome":"Roderigo Pavel","idade":72,"profissao":"Policial"},
{"nome":"Emmett Gookes","idade":23,"profissao":"Medico"},
{"nome":"Eleanora Darter","idade":51,"profissao":"Professor"},
{"nome":"Clarabelle Baise","idade":51,"profissao":"Motorista"},
{"nome":"Chantalle Graeme","idade":36,"profissao":"Policial"},
{"nome":"Tildi Wanderschek","idade":55,"profissao":"Professor"},
{"nome":"Danya Mingaye","idade":81,"profissao":"Medico"},
{"nome":"Candice Pierton","idade":85,"profissao":"Professor"},
{"nome":"Courtnay Dumphy","idade":34,"profissao":"Motorista"},
{"nome":"Elnore Dows","idade":42,"profissao":"Policial"},
{"nome":"Lennard Geraudy","idade":28,"profissao":"Professor"},
{"nome":"Brett Grumbridge","idade":81,"profissao":"Medico"},
{"nome":"Phebe Joire","idade":75,"profissao":"Professor"},
{"nome":"Benita Klimmek","idade":53,"profissao":"Motorista"},
{"nome":"Sandy Chiene","idade":58,"profissao":"Medico"},
{"nome":"Gaile Entwisle","idade":62,"profissao":"Motorista"},
{"nome":"Ermengarde Shitliffe","idade":96,"profissao":"Motorista"},
{"nome":"Billi Eastup","idade":33,"profissao":"Medico"},
{"nome":"Hercules Foottit","idade":70,"profissao":"Motorista"},
{"nome":"Gianina Broadway","idade":91,"profissao":"Professor"},
{"nome":"Elenore Schindler","idade":20,"profissao":"Motorista"},
{"nome":"Meggi Riedel","idade":76,"profissao":"Medico"},
{"nome":"Carine Katzmann","idade":27,"profissao":"Professor"},
{"nome":"Dal Garshore","idade":26,"profissao":"Medico"},
{"nome":"Ulrica Garthland","idade":81,"profissao":"Professor"},
{"nome":"Yolanda Handasyde","idade":41,"profissao":"Medico"},
{"nome":"Dal Lage","idade":53,"profissao":"Motorista"},
{"nome":"Curr Fernandes","idade":27,"profissao":"Professor"},
{"nome":"Ike Battams","idade":77,"profissao":"Medico"},
{"nome":"Amalia Teck","idade":86,"profissao":"Medico"},
{"nome":"Demetris Albin","idade":65,"profissao":"Professor"},
{"nome":"Talyah Russo","idade":98,"profissao":"Policial"},
{"nome":"Robbie Keddle","idade":91,"profissao":"Motorista"},
{"nome":"Giffard Gregorin","idade":43,"profissao":"Professor"},
{"nome":"Parke Ciccottio","idade":93,"profissao":"Medico"},
{"nome":"Leeland Bulle","idade":94,"profissao":"Motorista"},
{"nome":"Tab Brumham","idade":76,"profissao":"Professor"},
{"nome":"Gilberte Bicknell","idade":72,"profissao":"Policial"},
{"nome":"Florri Cushelly","idade":96,"profissao":"Policial"},
{"nome":"Gav Jakeman","idade":30,"profissao":"Medico"},
{"nome":"Camel Helversen","idade":81,"profissao":"Medico"},
{"nome":"Peggy Hemphill","idade":70,"profissao":"Professor"},
{"nome":"Shamus Wickstead","idade":56,"profissao":"Professor"},
{"nome":"Aylmar Ashe","idade":36,"profissao":"Motorista"},
{"nome":"Rollo Garken","idade":59,"profissao":"Motorista"},
{"nome":"Mireille Pedrazzi","idade":31,"profissao":"Motorista"},
{"nome":"Lamont Valerius","idade":84,"profissao":"Medico"},
{"nome":"Scot Claasen","idade":100,"profissao":"Policial"},
{"nome":"Randie Pratten","idade":46,"profissao":"Professor"},
{"nome":"Kameko Knappitt","idade":62,"profissao":"Motorista"},
{"nome":"Howie Manjin","idade":83,"profissao":"Professor"},
{"nome":"Micheil Maple","idade":52,"profissao":"Policial"},
{"nome":"Cassandre Juanes","idade":29,"profissao":"Policial"},
{"nome":"Joeann Graver","idade":25,"profissao":"Policial"},
{"nome":"Gabriell Arrol","idade":76,"profissao":"Policial"},
{"nome":"Esmeralda Wesley","idade":18,"profissao":"Policial"},
{"nome":"Patty Draper","idade":98,"profissao":"Medico"},
{"nome":"Katrine Maxfield","idade":28,"profissao":"Professor"},
{"nome":"Roarke Glas","idade":85,"profissao":"Policial"},
{"nome":"Mirelle Sallenger","idade":90,"profissao":"Motorista"},
{"nome":"Aaron Nicklen","idade":35,"profissao":"Professor"},
{"nome":"Claybourne Keyme","idade":30,"profissao":"Policial"},
{"nome":"Corny Itchingham","idade":41,"profissao":"Motorista"},
{"nome":"Dyanna Schooling","idade":43,"profissao":"Medico"},
{"nome":"Garik Farey","idade":54,"profissao":"Motorista"},
{"nome":"Cassy Hayller","idade":23,"profissao":"Medico"},
{"nome":"Winona Hudleston","idade":90,"profissao":"Motorista"},
{"nome":"Carry Mitford","idade":69,"profissao":"Professor"},
{"nome":"Sherman Garrattley","idade":91,"profissao":"Medico"},
{"nome":"Sharla Soares","idade":25,"profissao":"Policial"},
{"nome":"Darin Wetherhead","idade":35,"profissao":"Professor"},
{"nome":"Brandon Mapham","idade":41,"profissao":"Policial"},
{"nome":"Teodora Korf","idade":57,"profissao":"Policial"},
{"nome":"Brit Gunbie","idade":81,"profissao":"Policial"},
{"nome":"Gayel Schonfeld","idade":22,"profissao":"Medico"},
{"nome":"Evelina Rolse","idade":25,"profissao":"Policial"},
{"nome":"Bethany Tremonte","idade":35,"profissao":"Medico"},
{"nome":"Crystal Dickman","idade":87,"profissao":"Motorista"},
{"nome":"Neville Seiler","idade":69,"profissao":"Professor"},
{"nome":"Conway Sandiland","idade":87,"profissao":"Motorista"},
{"nome":"Lacey Highwood","idade":75,"profissao":"Medico"},
{"nome":"Isadore Medford","idade":72,"profissao":"Policial"},
{"nome":"Pernell Wilshin","idade":31,"profissao":"Medico"},
{"nome":"Amii Jacquet","idade":99,"profissao":"Policial"},
{"nome":"Tova Braben","idade":54,"profissao":"Motorista"},
{"nome":"Leicester Shipley","idade":35,"profissao":"Motorista"},
{"nome":"Neddie MacQueen","idade":47,"profissao":"Motorista"},
{"nome":"Drugi Aguirrezabala","idade":90,"profissao":"Professor"},
{"nome":"Linoel McKenna","idade":93,"profissao":"Motorista"},
{"nome":"Anthea Cahn","idade":65,"profissao":"Medico"},
{"nome":"Ariela Blacklawe","idade":48,"profissao":"Motorista"},
{"nome":"Fabiano Trail","idade":68,"profissao":"Motorista"},
{"nome":"Shelagh Dangerfield","idade":90,"profissao":"Policial"},
{"nome":"Bartlett Vorley","idade":91,"profissao":"Professor"},
{"nome":"Parker Tolumello","idade":80,"profissao":"Policial"},
{"nome":"Kelcy Ambrogioni","idade":93,"profissao":"Professor"},
{"nome":"Mignonne Peake","idade":40,"profissao":"Professor"},
{"nome":"Rriocard Chennells","idade":87,"profissao":"Professor"},
{"nome":"Shellie Dollimore","idade":61,"profissao":"Professor"},
{"nome":"Fanchette Goligly","idade":31,"profissao":"Policial"},
{"nome":"Alina Francesco","idade":59,"profissao":"Policial"},
{"nome":"Marissa Wickman","idade":27,"profissao":"Policial"},
{"nome":"Frannie Dolphin","idade":51,"profissao":"Professor"},
{"nome":"Fanni Digby","idade":93,"profissao":"Motorista"},
{"nome":"Shelby Ivashkin","idade":62,"profissao":"Professor"},
{"nome":"Jackson Coppock.","idade":27,"profissao":"Medico"},
{"nome":"Dolph Whitesel","idade":40,"profissao":"Motorista"},
{"nome":"Aurelea Scurrell","idade":98,"profissao":"Medico"},
{"nome":"Alli Veljes","idade":20,"profissao":"Policial"},
{"nome":"Shawn Allmark","idade":40,"profissao":"Motorista"},
{"nome":"Addy Ryce","idade":33,"profissao":"Professor"},
{"nome":"Kylynn Escalante","idade":41,"profissao":"Medico"},
{"nome":"Leona Boulton","idade":74,"profissao":"Medico"},
{"nome":"Naoma Duplain","idade":18,"profissao":"Medico"},
{"nome":"Rafaello Faucherand","idade":28,"profissao":"Motorista"},
{"nome":"Amil Emmot","idade":31,"profissao":"Professor"},
{"nome":"Locke Mainland","idade":68,"profissao":"Policial"},
{"nome":"Robbie Botright","idade":90,"profissao":"Motorista"},
{"nome":"Rutger Matveichev","idade":46,"profissao":"Medico"},
{"nome":"Margette Whitten","idade":29,"profissao":"Motorista"},
{"nome":"Lorenzo Baggarley","idade":22,"profissao":"Professor"},
{"nome":"Dione Stienham","idade":63,"profissao":"Professor"},
{"nome":"Mallorie Sondland","idade":71,"profissao":"Professor"},
{"nome":"Nelia Maria","idade":84,"profissao":"Professor"},
{"nome":"Zach Kuhlmey","idade":87,"profissao":"Professor"},
{"nome":"Colan Jickles","idade":57,"profissao":"Medico"},
{"nome":"Kally Foston","idade":76,"profissao":"Motorista"},
{"nome":"Tootsie Corwood","idade":36,"profissao":"Professor"},
{"nome":"Sydney Addinall","idade":79,"profissao":"Professor"},
{"nome":"Hymie Stump","idade":71,"profissao":"Policial"},
{"nome":"Silva Pocklington","idade":82,"profissao":"Motorista"},
{"nome":"Collete Rabson","idade":54,"profissao":"Professor"},
{"nome":"Lyle Rickeard","idade":37,"profissao":"Professor"},
{"nome":"Burr Lomaz","idade":50,"profissao":"Motorista"},
{"nome":"Bobbie La Batie","idade":69,"profissao":"Professor"},
{"nome":"Jacki Cowndley","idade":95,"profissao":"Medico"},
{"nome":"Maximilien Hamper","idade":56,"profissao":"Professor"},
{"nome":"Max Jolland","idade":79,"profissao":"Policial"},
{"nome":"Merrielle Margrett","idade":32,"profissao":"Medico"},
{"nome":"Otho Wapol","idade":99,"profissao":"Medico"},
{"nome":"Langsdon Serot","idade":58,"profissao":"Professor"},
{"nome":"Brett Turnor","idade":40,"profissao":"Medico"},
{"nome":"Dominik Humberstone","idade":93,"profissao":"Motorista"},
{"nome":"Esra Moneti","idade":34,"profissao":"Professor"},
{"nome":"Dan Scoullar","idade":68,"profissao":"Motorista"},
{"nome":"Marleen Dungee","idade":59,"profissao":"Medico"},
{"nome":"Moore Carter","idade":26,"profissao":"Medico"},
{"nome":"Jacquelin Rorke","idade":95,"profissao":"Policial"},
{"nome":"Lauren Benyan","idade":76,"profissao":"Medico"},
{"nome":"Rodolfo Borrowman","idade":42,"profissao":"Policial"},
{"nome":"Dermot Bertelet","idade":51,"profissao":"Medico"},
{"nome":"Etti Ulyatt","idade":69,"profissao":"Medico"},
{"nome":"Rosa Coker","idade":95,"profissao":"Professor"},
{"nome":"Guendolen Airds","idade":99,"profissao":"Professor"},
{"nome":"Banky Josefsson","idade":64,"profissao":"Professor"},
{"nome":"Sherill Bernon","idade":58,"profissao":"Motorista"},
{"nome":"Lionello Mitie","idade":44,"profissao":"Policial"},
{"nome":"Jaquelyn Aries","idade":37,"profissao":"Motorista"},
{"nome":"Ray Slimme","idade":53,"profissao":"Motorista"},
{"nome":"Kenyon Bleything","idade":49,"profissao":"Professor"},
{"nome":"Cherri Wase","idade":32,"profissao":"Medico"},
{"nome":"Lynde Khotler","idade":95,"profissao":"Motorista"},
{"nome":"Andras Dallywater","idade":77,"profissao":"Policial"},
{"nome":"Garland Braben","idade":21,"profissao":"Motorista"},
{"nome":"Charline Silburn","idade":66,"profissao":"Policial"},
{"nome":"Jaime Kenworthy","idade":50,"profissao":"Policial"},
{"nome":"Dalt Stainsby","idade":19,"profissao":"Medico"},
{"nome":"Morton Chaudrelle","idade":66,"profissao":"Motorista"},
{"nome":"Audrey Downs","idade":21,"profissao":"Policial"},
{"nome":"Zita McTrustey","idade":27,"profissao":"Medico"},
{"nome":"Julietta Stutt","idade":60,"profissao":"Medico"},
{"nome":"Gaspard Allom","idade":79,"profissao":"Policial"},
{"nome":"Darill Wishkar","idade":57,"profissao":"Motorista"},
{"nome":"Tyrone Matignon","idade":71,"profissao":"Professor"},
{"nome":"De witt Bullerwell","idade":43,"profissao":"Policial"},
{"nome":"Romona Radden","idade":43,"profissao":"Policial"},
{"nome":"Gabriele Clacson","idade":23,"profissao":"Motorista"},
{"nome":"Henrieta Gobel","idade":96,"profissao":"Professor"},
{"nome":"Julie Denerley","idade":45,"profissao":"Professor"},
{"nome":"Beckie Fenney","idade":90,"profissao":"Professor"},
{"nome":"Warden McHarry","idade":35,"profissao":"Policial"},
{"nome":"Steffen Crinkley","idade":49,"profissao":"Motorista"},
{"nome":"Donni Stanborough","idade":48,"profissao":"Medico"},
{"nome":"Lezlie Bruckenthal","idade":94,"profissao":"Motorista"},
{"nome":"Gail Balas","idade":92,"profissao":"Motorista"},
{"nome":"Adi Engledow","idade":23,"profissao":"Policial"},
{"nome":"Shalne Thurlby","idade":85,"profissao":"Motorista"},
{"nome":"Derrek Grey","idade":93,"profissao":"Policial"},
{"nome":"Arney Frisel","idade":88,"profissao":"Professor"},
{"nome":"Bernie Rablin","idade":85,"profissao":"Professor"},
{"nome":"Drucie Hasloch","idade":91,"profissao":"Policial"},
{"nome":"Buddie Koles","idade":86,"profissao":"Professor"},
{"nome":"Darcy Keningham","idade":64,"profissao":"Professor"},
{"nome":"Patrice Simmill","idade":48,"profissao":"Motorista"},
{"nome":"Florentia MacFadzan","idade":39,"profissao":"Medico"},
{"nome":"Web O'Kynsillaghe","idade":32,"profissao":"Professor"},
{"nome":"Gunther Lintall","idade":35,"profissao":"Motorista"},
{"nome":"Vita Shaxby","idade":20,"profissao":"Motorista"},
{"nome":"Dall Deetlof","idade":31,"profissao":"Motorista"},
{"nome":"Cris Smolan","idade":97,"profissao":"Policial"},
{"nome":"Ruggiero Raise","idade":71,"profissao":"Professor"},
{"nome":"Boigie Ridgewell","idade":85,"profissao":"Policial"},
{"nome":"Randie Eggle","idade":77,"profissao":"Professor"},
{"nome":"Terra Cominetti","idade":89,"profissao":"Professor"},
{"nome":"Salvidor Pincott","idade":83,"profissao":"Medico"},
{"nome":"Matilda Pecha","idade":87,"profissao":"Professor"},
{"nome":"Elspeth Kornes","idade":48,"profissao":"Medico"},
{"nome":"Janeta Hayle","idade":20,"profissao":"Motorista"},
{"nome":"Doti Passby","idade":18,"profissao":"Motorista"},
{"nome":"Flin Masden","idade":79,"profissao":"Motorista"},
{"nome":"Ashien Widdecombe","idade":98,"profissao":"Medico"},
{"nome":"Cordie Tittershill","idade":39,"profissao":"Motorista"},
{"nome":"Pat Fayer","idade":25,"profissao":"Motorista"},
{"nome":"Lyndel Camps","idade":44,"profissao":"Professor"},
{"nome":"Leilah Wolfart","idade":60,"profissao":"Professor"},
{"nome":"Kiley Bliben","idade":56,"profissao":"Policial"},
{"nome":"Katrina Jervis","idade":61,"profissao":"Medico"},
{"nome":"Gareth Burdus","idade":98,"profissao":"Motorista"},
{"nome":"Crystal Ryles","idade":57,"profissao":"Professor"},
{"nome":"Addia McComb","idade":98,"profissao":"Medico"},
{"nome":"Catherin Balsillie","idade":90,"profissao":"Motorista"},
{"nome":"Latrena Allnatt","idade":34,"profissao":"Professor"},
{"nome":"Raleigh Comettoi","idade":80,"profissao":"Policial"},
{"nome":"Ardis Chipps","idade":38,"profissao":"Policial"},
{"nome":"Madison Bevington","idade":71,"profissao":"Policial"},
{"nome":"Tildie Million","idade":40,"profissao":"Professor"},
{"nome":"Filia McVane","idade":44,"profissao":"Medico"},
{"nome":"Cindy Dhenin","idade":82,"profissao":"Motorista"},
{"nome":"Agna Josephy","idade":18,"profissao":"Professor"},
{"nome":"Gaston Ovington","idade":51,"profissao":"Professor"},
{"nome":"Leodora Symmons","idade":46,"profissao":"Professor"},
{"nome":"Heriberto Sneden","idade":51,"profissao":"Professor"},
{"nome":"Ermanno Sambiedge","idade":98,"profissao":"Medico"},
{"nome":"Sullivan MacDonald","idade":61,"profissao":"Professor"},
{"nome":"Michaeline Drummond","idade":35,"profissao":"Professor"},
{"nome":"Eileen Checkley","idade":42,"profissao":"Medico"},
{"nome":"Cloris Coker","idade":38,"profissao":"Medico"},
{"nome":"Lonnard Blenkinship","idade":77,"profissao":"Motorista"},
{"nome":"Shaun McKennan","idade":61,"profissao":"Motorista"},
{"nome":"Chanda Labbati","idade":69,"profissao":"Policial"},
{"nome":"Kele Wooton","idade":31,"profissao":"Professor"},
{"nome":"Derrik Rosendahl","idade":84,"profissao":"Policial"},
{"nome":"Steffie Lardge","idade":90,"profissao":"Policial"},
{"nome":"Joela Hounihan","idade":40,"profissao":"Professor"},
{"nome":"Fredra Sandford","idade":50,"profissao":"Policial"},
{"nome":"Bernita Gater","idade":70,"profissao":"Motorista"},
{"nome":"Electra Holby","idade":57,"profissao":"Medico"},
{"nome":"Wernher O'Logan","idade":20,"profissao":"Motorista"},
{"nome":"Tannie Domb","idade":70,"profissao":"Medico"},
{"nome":"Toinette Eliff","idade":60,"profissao":"Professor"},
{"nome":"Adria Honig","idade":68,"profissao":"Policial"},
{"nome":"Josee Filimore","idade":52,"profissao":"Medico"},
{"nome":"Nilson Shepherdson","idade":75,"profissao":"Motorista"},
{"nome":"Brand Joskowitz","idade":68,"profissao":"Medico"},
{"nome":"George Allmann","idade":59,"profissao":"Policial"},
{"nome":"Peggy Hammon","idade":74,"profissao":"Professor"},
{"nome":"Artemas Ledstone","idade":18,"profissao":"Policial"},
{"nome":"Timi Suffield","idade":46,"profissao":"Professor"},
{"nome":"Yovonnda Roelvink","idade":85,"profissao":"Policial"},
{"nome":"Brooks Shinefield","idade":71,"profissao":"Medico"},
{"nome":"Fergus Wolsey","idade":87,"profissao":"Professor"},
{"nome":"Rouvin Bruff","idade":36,"profissao":"Motorista"},
{"nome":"Nikolaus Haxley","idade":26,"profissao":"Policial"},
{"nome":"Clementine Piel","idade":92,"profissao":"Medico"},
{"nome":"Thedric Geeraert","idade":84,"profissao":"Motorista"},
{"nome":"Ann-marie Lashbrook","idade":77,"profissao":"Medico"},
{"nome":"Gabriellia Rean","idade":51,"profissao":"Medico"},
{"nome":"Naoma Kurdani","idade":73,"profissao":"Motorista"},
{"nome":"Creigh Billson","idade":46,"profissao":"Policial"},
{"nome":"Eba Dallywater","idade":20,"profissao":"Medico"},
{"nome":"Vito Moulder","idade":75,"profissao":"Policial"},
{"nome":"Bryan Yakuntzov","idade":75,"profissao":"Professor"},
{"nome":"Alair Weatherall","idade":69,"profissao":"Medico"},
{"nome":"Hersch Sumner","idade":90,"profissao":"Medico"},
{"nome":"Kerk Barti","idade":31,"profissao":"Policial"},
{"nome":"Hannie Crannage","idade":68,"profissao":"Motorista"},
{"nome":"Anjanette Burman","idade":22,"profissao":"Professor"},
{"nome":"Gayelord Allom","idade":26,"profissao":"Motorista"},
{"nome":"Rivkah Stebbings","idade":27,"profissao":"Professor"},
{"nome":"Cathyleen Towl","idade":79,"profissao":"Motorista"},
{"nome":"Dolli Nesterov","idade":73,"profissao":"Policial"},
{"nome":"Willow Cossor","idade":76,"profissao":"Motorista"},
{"nome":"Nat Shmyr","idade":50,"profissao":"Professor"},
{"nome":"Rea Sisnett","idade":88,"profissao":"Motorista"},
{"nome":"Eirena Missen","idade":87,"profissao":"Professor"},
{"nome":"Reinhold Vargas","idade":64,"profissao":"Professor"},
{"nome":"Ced McClaurie","idade":38,"profissao":"Professor"},
{"nome":"Goddart Kiehl","idade":73,"profissao":"Medico"},
{"nome":"Coral Shuttlewood","idade":98,"profissao":"Medico"},
{"nome":"Trent Coatts","idade":21,"profissao":"Policial"},
{"nome":"Bernetta Cleobury","idade":43,"profissao":"Motorista"},
{"nome":"Herb Gidman","idade":39,"profissao":"Policial"},
{"nome":"Galvin Jannasch","idade":46,"profissao":"Motorista"},
{"nome":"Clementine Pablo","idade":42,"profissao":"Motorista"},
{"nome":"Law List","idade":48,"profissao":"Professor"},
{"nome":"Clarine Crunkhurn","idade":43,"profissao":"Policial"},
{"nome":"Gabriel Millard","idade":68,"profissao":"Motorista"},
{"nome":"Farlay Frankis","idade":53,"profissao":"Medico"},
{"nome":"Allys Postians","idade":51,"profissao":"Motorista"},
{"nome":"Dotty Wyon","idade":75,"profissao":"Motorista"},
{"nome":"Sheela Vinas","idade":62,"profissao":"Medico"},
{"nome":"Durand Kretchmer","idade":46,"profissao":"Medico"},
{"nome":"Lynnette Pincott","idade":61,"profissao":"Medico"},
{"nome":"Coop Harbord","idade":90,"profissao":"Policial"},
{"nome":"Arv Ellul","idade":32,"profissao":"Medico"},
{"nome":"Kit Masselin","idade":64,"profissao":"Medico"},
{"nome":"Cybill Cowerd","idade":62,"profissao":"Policial"},
{"nome":"Nicolina Brewitt","idade":65,"profissao":"Motorista"},
{"nome":"Tresa Dosedale","idade":96,"profissao":"Professor"},
{"nome":"Aleece Wigginton","idade":78,"profissao":"Medico"},
{"nome":"Rudie Howgate","idade":64,"profissao":"Policial"},
{"nome":"Stewart Winscomb","idade":71,"profissao":"Motorista"},
{"nome":"Nickie Thing","idade":38,"profissao":"Professor"},
{"nome":"Ileana Wasbrough","idade":89,"profissao":"Motorista"},
{"nome":"Yancey Peealess","idade":40,"profissao":"Motorista"},
{"nome":"Aurelia Seifenmacher","idade":40,"profissao":"Professor"},
{"nome":"Essie Diaper","idade":39,"profissao":"Motorista"},
{"nome":"Jozef Pretti","idade":89,"profissao":"Motorista"},
{"nome":"Leslie Stevings","idade":57,"profissao":"Policial"},
{"nome":"Goldi Eingerfield","idade":41,"profissao":"Professor"},
{"nome":"Claudetta Toth","idade":79,"profissao":"Policial"},
{"nome":"Cyndie Gambell","idade":95,"profissao":"Medico"},
{"nome":"Bunnie Fawdry","idade":19,"profissao":"Professor"},
{"nome":"Emmalynne Perview","idade":45,"profissao":"Medico"},
{"nome":"Margy Okker","idade":44,"profissao":"Motorista"},
{"nome":"Cortie Lundbech","idade":59,"profissao":"Policial"},
{"nome":"Maia O'Canavan","idade":72,"profissao":"Motorista"},
{"nome":"Verne Shorton","idade":74,"profissao":"Policial"},
{"nome":"Sheba Stickells","idade":49,"profissao":"Medico"},
{"nome":"Alain Stoneley","idade":32,"profissao":"Motorista"},
{"nome":"Fedora Dowman","idade":51,"profissao":"Motorista"},
{"nome":"Juline Hincham","idade":23,"profissao":"Medico"},
{"nome":"Sofia Yakov","idade":20,"profissao":"Motorista"},
{"nome":"Arte Rubinfeld","idade":32,"profissao":"Motorista"},
{"nome":"Junette Gillebride","idade":48,"profissao":"Professor"},
{"nome":"Hettie Dudny","idade":91,"profissao":"Medico"},
{"nome":"Chevy Roach","idade":94,"profissao":"Medico"},
{"nome":"Marlon Baldacchi","idade":53,"profissao":"Motorista"},
{"nome":"Claribel Omond","idade":97,"profissao":"Policial"},
{"nome":"Kaycee Crystal","idade":57,"profissao":"Professor"},
{"nome":"Rudolph Mabon","idade":85,"profissao":"Motorista"},
{"nome":"Jon Tofpik","idade":19,"profissao":"Motorista"},
{"nome":"Solly Fairham","idade":70,"profissao":"Professor"},
{"nome":"Junette Bagguley","idade":91,"profissao":"Professor"},
{"nome":"Kayle Arnhold","idade":87,"profissao":"Professor"},
{"nome":"Dani Labbey","idade":64,"profissao":"Motorista"},
{"nome":"Cordell Roblin","idade":56,"profissao":"Policial"},
{"nome":"Fallon Alldridge","idade":88,"profissao":"Motorista"},
{"nome":"Pate Woollcott","idade":47,"profissao":"Motorista"},
{"nome":"Bethanne Kassman","idade":37,"profissao":"Professor"},
{"nome":"Godfree Karpe","idade":35,"profissao":"Medico"},
{"nome":"Mischa Pilbury","idade":83,"profissao":"Medico"},
{"nome":"Karoly Fleming","idade":51,"profissao":"Motorista"},
{"nome":"Heida Pennell","idade":32,"profissao":"Policial"},
{"nome":"Marley Jutson","idade":99,"profissao":"Policial"},
{"nome":"Tam Freake","idade":53,"profissao":"Motorista"},
{"nome":"Lenore Rundall","idade":89,"profissao":"Medico"},
{"nome":"Berget Maffioni","idade":22,"profissao":"Policial"},
{"nome":"June Lloyd-Williams","idade":62,"profissao":"Motorista"},
{"nome":"Kirk Oldland","idade":50,"profissao":"Professor"},
{"nome":"Fielding D'Aulby","idade":58,"profissao":"Policial"},
{"nome":"Cybill Billam","idade":87,"profissao":"Professor"},
{"nome":"Barrie Greensall","idade":76,"profissao":"Motorista"},
{"nome":"Vonnie Andres","idade":79,"profissao":"Professor"},
{"nome":"Greggory Bridden","idade":90,"profissao":"Motorista"},
{"nome":"Marcy Wyllcocks","idade":78,"profissao":"Policial"},
{"nome":"Meggie Fenn","idade":61,"profissao":"Professor"},
{"nome":"Nicholle Bakeup","idade":41,"profissao":"Motorista"},
{"nome":"Homer Wattins","idade":82,"profissao":"Policial"},
{"nome":"Bari Demanche","idade":77,"profissao":"Medico"},
{"nome":"Tess Farney","idade":62,"profissao":"Medico"},
{"nome":"Charley Jacob","idade":43,"profissao":"Professor"},
{"nome":"Dorella Scripps","idade":83,"profissao":"Motorista"},
{"nome":"Pinchas Antos","idade":25,"profissao":"Policial"},
{"nome":"Dora Fullstone","idade":83,"profissao":"Medico"},
{"nome":"Herve Larroway","idade":64,"profissao":"Policial"},
{"nome":"Kienan Croux","idade":46,"profissao":"Policial"},
{"nome":"Adolph Saddington","idade":51,"profissao":"Medico"},
{"nome":"Reina Keppie","idade":71,"profissao":"Medico"},
{"nome":"Moria Roby","idade":54,"profissao":"Professor"},
{"nome":"Laurette Arnau","idade":92,"profissao":"Policial"},
{"nome":"Peria Midden","idade":83,"profissao":"Policial"},
{"nome":"Salvidor Cockney","idade":63,"profissao":"Motorista"},
{"nome":"Murial Mac","idade":47,"profissao":"Medico"},
{"nome":"Benjy Satcher","idade":21,"profissao":"Professor"},
{"nome":"Lane Enrique","idade":92,"profissao":"Policial"},
{"nome":"Charisse Sanday","idade":67,"profissao":"Policial"},
{"nome":"Batsheva Pawnsford","idade":52,"profissao":"Medico"},
{"nome":"Linc Dutteridge","idade":67,"profissao":"Motorista"},
{"nome":"Adiana Syer","idade":93,"profissao":"Professor"},
{"nome":"Pepito Jamison","idade":78,"profissao":"Medico"},
{"nome":"Teodora Bunclark","idade":85,"profissao":"Medico"},
{"nome":"Gustave Primarolo","idade":64,"profissao":"Medico"},
{"nome":"Marchelle Cressy","idade":32,"profissao":"Medico"},
{"nome":"Ekaterina Gouldstraw","idade":48,"profissao":"Professor"},
{"nome":"Avrom Scrivenor","idade":37,"profissao":"Professor"},
{"nome":"Kermit Meegin","idade":57,"profissao":"Policial"},
{"nome":"Marylee Leynton","idade":25,"profissao":"Medico"},
{"nome":"Burgess Slay","idade":29,"profissao":"Motorista"},
{"nome":"Shel Antoshin","idade":71,"profissao":"Policial"},
{"nome":"Carolus Moseby","idade":22,"profissao":"Policial"},
{"nome":"Harrietta Cestard","idade":94,"profissao":"Policial"},
{"nome":"Ferd Dawidowitsch","idade":60,"profissao":"Medico"},
{"nome":"Kendrick Rubinowitz","idade":53,"profissao":"Medico"},
{"nome":"Eleanore Netherwood","idade":22,"profissao":"Policial"},
{"nome":"Sheilah Maddrah","idade":74,"profissao":"Motorista"},
{"nome":"Christoper Enion","idade":71,"profissao":"Policial"},
{"nome":"Iver Wrathmall","idade":71,"profissao":"Motorista"},
{"nome":"Swen Creegan","idade":21,"profissao":"Professor"},
{"nome":"Reuven Nicholas","idade":21,"profissao":"Professor"},
{"nome":"Julie Connold","idade":96,"profissao":"Professor"},
{"nome":"Gunar McAline","idade":79,"profissao":"Motorista"},
{"nome":"Clerc Caudrey","idade":82,"profissao":"Medico"},
{"nome":"Xylina Mensler","idade":86,"profissao":"Medico"},
{"nome":"Klemens Akrigg","idade":87,"profissao":"Motorista"},
{"nome":"Gianni Pyburn","idade":19,"profissao":"Medico"},
{"nome":"Rex Cloonan","idade":49,"profissao":"Policial"},
{"nome":"Miguel Woodard","idade":33,"profissao":"Medico"},
{"nome":"Gabriello Gerritsma","idade":61,"profissao":"Professor"},
{"nome":"Karita MacIlraith","idade":37,"profissao":"Policial"},
{"nome":"Vick Mingo","idade":81,"profissao":"Motorista"},
{"nome":"Darnell McClaren","idade":75,"profissao":"Motorista"},
{"nome":"Kort Pease","idade":48,"profissao":"Policial"},
{"nome":"Annabel Bowell","idade":60,"profissao":"Motorista"},
{"nome":"Gardner Pele","idade":40,"profissao":"Professor"},
{"nome":"Daffy Favela","idade":30,"profissao":"Professor"},
{"nome":"Bryant Kincaid","idade":77,"profissao":"Professor"},
{"nome":"Marjorie Fearnall","idade":82,"profissao":"Motorista"},
{"nome":"Katy Dransfield","idade":29,"profissao":"Medico"},
{"nome":"Jo-ann Kinastan","idade":67,"profissao":"Medico"},
{"nome":"Kacie Paule","idade":95,"profissao":"Medico"},
{"nome":"Ollie Pond","idade":49,"profissao":"Motorista"},
{"nome":"Sandra Annear","idade":37,"profissao":"Medico"},
{"nome":"Rochell Dupre","idade":64,"profissao":"Medico"},
{"nome":"Pearl Cheley","idade":72,"profissao":"Medico"},
{"nome":"Jewelle Gearing","idade":100,"profissao":"Policial"},
{"nome":"Rosabella Crinson","idade":18,"profissao":"Professor"},
{"nome":"Cornie Solman","idade":71,"profissao":"Professor"},
{"nome":"Sayers Rowatt","idade":59,"profissao":"Professor"},
{"nome":"Ax Mussettini","idade":39,"profissao":"Policial"},
{"nome":"Abbey Waterland","idade":27,"profissao":"Professor"},
{"nome":"Jacquenetta Moyser","idade":99,"profissao":"Motorista"},
{"nome":"Matilda Snoxell","idade":82,"profissao":"Policial"},
{"nome":"Marwin Varnals","idade":24,"profissao":"Policial"},
{"nome":"Faunie Kenelin","idade":94,"profissao":"Motorista"},
{"nome":"Geneva Broz","idade":56,"profissao":"Medico"},
{"nome":"Elonore Gatherer","idade":80,"profissao":"Medico"},
{"nome":"Der Wibberley","idade":96,"profissao":"Motorista"}]