[{"nome":"Nickolas Lorriman","dataNascimento":"28/09/1953","profissao":"Motorista","tempoServico":2},
{"nome":"Verine Wathey","dataNascimento":"25/03/1975","profissao":"Medico","tempoServico":16},
{"nome":"Jaquenetta Vallack","dataNascimento":"30/08/2000","profissao":"Motorista","tempoServico":18},
{"nome":"Konstantine Pack","dataNascimento":"28/03/1986","profissao":"Motorista","tempoServico":15},
{"nome":"Keri Dahlback","dataNascimento":"26/02/1997","profissao":"Medico","tempoServico":18},
{"nome":"Christian Bergstram","dataNascimento":"19/11/1988","profissao":"Policial","tempoServico":1},
{"nome":"Theda Creeboe","dataNascimento":"02/11/1980","profissao":"Medico","tempoServico":8},
{"nome":"Phillida De Roberto","dataNascimento":"05/07/1963","profissao":"Policial","tempoServico":18},
{"nome":"Leland Halfhide","dataNascimento":"22/07/1963","profissao":"Motorista","tempoServico":1},
{"nome":"Aida Cran","dataNascimento":"19/12/1953","profissao":"Motorista","tempoServico":6},
{"nome":"Michail Titterell","dataNascimento":"30/01/1992","profissao":"Professor","tempoServico":25},
{"nome":"Eydie Goodliff","dataNascimento":"29/08/1996","profissao":"Medico","tempoServico":15},
{"nome":"Mike Buggs","dataNascimento":"29/07/1982","profissao":"Motorista","tempoServico":8},
{"nome":"Bryna Rawne","dataNascimento":"14/02/1961","profissao":"Professor","tempoServico":11},
{"nome":"Jonell Noden","dataNascimento":"05/12/1975","profissao":"Professor","tempoServico":19},
{"nome":"Esteban Van Oord","dataNascimento":"21/03/1984","profissao":"Policial","tempoServico":11},
{"nome":"Theo Devas","dataNascimento":"11/09/1985","profissao":"Policial","tempoServico":3},
{"nome":"Robbie Hutchin","dataNascimento":"11/06/1977","profissao":"Professor","tempoServico":5},
{"nome":"Montgomery Moyers","dataNascimento":"19/09/1990","profissao":"Professor","tempoServico":22},
{"nome":"Erwin Lucks","dataNascimento":"04/11/1984","profissao":"Motorista","tempoServico":4},
{"nome":"Care Fielders","dataNascimento":"19/02/1988","profissao":"Professor","tempoServico":17},
{"nome":"Onfre Wasson","dataNascimento":"13/10/1982","profissao":"Motorista","tempoServico":3},
{"nome":"Wynny Hayman","dataNascimento":"21/11/1997","profissao":"Professor","tempoServico":9},
{"nome":"Charity Farrimond","dataNascimento":"20/02/1961","profissao":"Motorista","tempoServico":21},
{"nome":"Petr L'Episcopio","dataNascimento":"20/04/1976","profissao":"Professor","tempoServico":10},
{"nome":"Karon Cozens","dataNascimento":"02/10/1993","profissao":"Policial","tempoServico":23},
{"nome":"Dunn Da Costa","dataNascimento":"03/04/1989","profissao":"Professor","tempoServico":20},
{"nome":"Marion Hansmann","dataNascimento":"18/08/1978","profissao":"Motorista","tempoServico":14},
{"nome":"Sherill MacAskie","dataNascimento":"23/05/1982","profissao":"Motorista","tempoServico":17},
{"nome":"Jethro Irvin","dataNascimento":"10/01/1979","profissao":"Motorista","tempoServico":4},
{"nome":"Coretta Asbery","dataNascimento":"28/04/2003","profissao":"Motorista","tempoServico":22},
{"nome":"Rik Kollach","dataNascimento":"07/10/1999","profissao":"Professor","tempoServico":21},
{"nome":"Donovan Gossage","dataNascimento":"30/09/1980","profissao":"Professor","tempoServico":17},
{"nome":"Hildagarde Jantet","dataNascimento":"17/11/1993","profissao":"Professor","tempoServico":12},
{"nome":"Lisha Surplice","dataNascimento":"24/06/1954","profissao":"Motorista","tempoServico":11},
{"nome":"Hurley Schaben","dataNascimento":"03/03/1961","profissao":"Policial","tempoServico":1},
{"nome":"Hubie Gribble","dataNascimento":"09/05/1982","profissao":"Medico","tempoServico":15},
{"nome":"Leonie Chanter","dataNascimento":"06/11/1978","profissao":"Policial","tempoServico":20},
{"nome":"Druci Trevance","dataNascimento":"08/12/1984","profissao":"Policial","tempoServico":11},
{"nome":"Flore Gimlet","dataNascimento":"19/07/2003","profissao":"Medico","tempoServico":13},
{"nome":"Fernandina Sorby","dataNascimento":"16/02/2001","profissao":"Motorista","tempoServico":10},
{"nome":"Bryna Ruske","dataNascimento":"11/10/1979","profissao":"Medico","tempoServico":14},
{"nome":"Aldwin Lotterington","dataNascimento":"15/02/1955","profissao":"Motorista","tempoServico":23},
{"nome":"Jordana Boulsher","dataNascimento":"03/10/1960","profissao":"Policial","tempoServico":5},
{"nome":"Felicle Doucette","dataNascimento":"21/05/1966","profissao":"Policial","tempoServico":3},
{"nome":"Derrik Treharne","dataNascimento":"23/10/1986","profissao":"Professor","tempoServico":20},
{"nome":"Charla Mingardi","dataNascimento":"17/12/1970","profissao":"Policial","tempoServico":25},
{"nome":"Elene Kibble","dataNascimento":"08/04/2002","profissao":"Medico","tempoServico":22},
{"nome":"Ravi Worsall","dataNascimento":"01/08/1971","profissao":"Motorista","tempoServico":20},
{"nome":"Kim Stannas","dataNascimento":"30/08/1956","profissao":"Policial","tempoServico":12},
{"nome":"Kamilah Cardenas","dataNascimento":"03/11/1996","profissao":"Motorista","tempoServico":11},
{"nome":"Kayley Larway","dataNascimento":"08/06/1983","profissao":"Medico","tempoServico":13},
{"nome":"Free Herche","dataNascimento":"22/03/1971","profissao":"Medico","tempoServico":2},
{"nome":"Fleurette Caldecot","dataNascimento":"08/11/2002","profissao":"Professor","tempoServico":18},
{"nome":"Lora Fawdrey","dataNascimento":"04/01/1993","profissao":"Professor","tempoServico":23},
{"nome":"Noel Fandrey","dataNascimento":"20/12/1977","profissao":"Professor","tempoServico":5},
{"nome":"Kyle Tremblay","dataNascimento":"04/07/1956","profissao":"Professor","tempoServico":15},
{"nome":"Hestia Cure","dataNascimento":"18/03/1964","profissao":"Professor","tempoServico":14},
{"nome":"Killian Spilsburie","dataNascimento":"03/12/1982","profissao":"Professor","tempoServico":7},
{"nome":"Brandea Huc","dataNascimento":"15/05/1969","profissao":"Medico","tempoServico":2},
{"nome":"Wood Lauritsen","dataNascimento":"11/09/1988","profissao":"Professor","tempoServico":17},
{"nome":"Cord Mohamed","dataNascimento":"20/06/1956","profissao":"Professor","tempoServico":14},
{"nome":"Ogdan Blazynski","dataNascimento":"15/09/1991","profissao":"Motorista","tempoServico":15},
{"nome":"Ambrose Freer","dataNascimento":"20/08/1974","profissao":"Motorista","tempoServico":21},
{"nome":"Dorita Hobbing","dataNascimento":"08/07/1966","profissao":"Professor","tempoServico":23},
{"nome":"Troy Sollom","dataNascimento":"11/04/1968","profissao":"Professor","tempoServico":18},
{"nome":"Skippy Beale","dataNascimento":"30/09/1951","profissao":"Policial","tempoServico":3},
{"nome":"Simone Kensington","dataNascimento":"26/11/1998","profissao":"Motorista","tempoServico":14},
{"nome":"Flin O'Cahill","dataNascimento":"22/11/1981","profissao":"Medico","tempoServico":4},
{"nome":"Kahaleel McElrath","dataNascimento":"13/05/1989","profissao":"Professor","tempoServico":7},
{"nome":"Delphinia Gohn","dataNascimento":"30/07/1966","profissao":"Professor","tempoServico":12},
{"nome":"Giacopo Cotmore","dataNascimento":"31/12/1990","profissao":"Professor","tempoServico":4},
{"nome":"Wilmar Rosle","dataNascimento":"27/03/1970","profissao":"Policial","tempoServico":5},
{"nome":"Ingrim Winney","dataNascimento":"31/01/1978","profissao":"Medico","tempoServico":13},
{"nome":"Kahlil Crocker","dataNascimento":"19/10/1974","profissao":"Professor","tempoServico":2},
{"nome":"Cathy Connaughton","dataNascimento":"01/11/2004","profissao":"Motorista","tempoServico":12},
{"nome":"Ilka Killick","dataNascimento":"08/07/1961","profissao":"Motorista","tempoServico":20},
{"nome":"Cindi Dransfield","dataNascimento":"10/05/2000","profissao":"Motorista","tempoServico":12},
{"nome":"Corie Arundel","dataNascimento":"05/03/1958","profissao":"Motorista","tempoServico":5},
{"nome":"Pauly Levett","dataNascimento":"05/01/1953","profissao":"Motorista","tempoServico":9},
{"nome":"Gratiana Menel","dataNascimento":"28/12/1964","profissao":"Medico","tempoServico":13},
{"nome":"Bartolemo Hammerson","dataNascimento":"02/07/1964","profissao":"Professor","tempoServico":14},
{"nome":"Cody Ganford","dataNascimento":"04/10/1963","profissao":"Motorista","tempoServico":6},
{"nome":"Carree Cawdery","dataNascimento":"16/05/1972","profissao":"Motorista","tempoServico":1},
{"nome":"Kathryn Thys","dataNascimento":"15/12/1983","profissao":"Medico","tempoServico":3},
{"nome":"Maxy Dove","dataNascimento":"20/05/2003","profissao":"Motorista","tempoServico":25},
{"nome":"Shaina aManger","dataNascimento":"08/07/1992","profissao":"Professor","tempoServico":3},
{"nome":"Jonie Doel","dataNascimento":"19/03/2001","profissao":"Medico","tempoServico":17},
{"nome":"Fran Leipold","dataNascimento":"03/02/2004","profissao":"Policial","tempoServico":22},
{"nome":"Romeo Lowrance","dataNascimento":"26/07/1986","profissao":"Policial","tempoServico":4},
{"nome":"Rosy Daughtry","dataNascimento":"22/04/1981","profissao":"Motorista","tempoServico":24},
{"nome":"Charmaine Kienzle","dataNascimento":"05/09/1975","profissao":"Medico","tempoServico":8},
{"nome":"Inger Tomkin","dataNascimento":"02/01/1963","profissao":"Medico","tempoServico":12},
{"nome":"Karlik Lysaght","dataNascimento":"21/03/1991","profissao":"Medico","tempoServico":18},
{"nome":"Lorrie Dunrige","dataNascimento":"09/07/1977","profissao":"Medico","tempoServico":4},
{"nome":"Muffin Mc-Kerley","dataNascimento":"29/12/1951","profissao":"Professor","tempoServico":3},
{"nome":"Ludvig Sawers","dataNascimento":"18/05/1956","profissao":"Motorista","tempoServico":1},
{"nome":"Jean Bysaker","dataNascimento":"27/06/1963","profissao":"Motorista","tempoServico":18},
{"nome":"Dominique Josovitz","dataNascimento":"06/10/1961","profissao":"Motorista","tempoServico":21},
{"nome":"Nannie Horsfield","dataNascimento":"07/04/2003","profissao":"Medico","tempoServico":22},
{"nome":"Dael Buxcey","dataNascimento":"26/02/1963","profissao":"Medico","tempoServico":7},
{"nome":"Lita Monget","dataNascimento":"21/03/1957","profissao":"Medico","tempoServico":20},
{"nome":"Davida Fist","dataNascimento":"27/04/1965","profissao":"Motorista","tempoServico":17},
{"nome":"Kennedy Ludlom","dataNascimento":"05/06/1983","profissao":"Policial","tempoServico":2},
{"nome":"Micky McVie","dataNascimento":"08/12/1956","profissao":"Motorista","tempoServico":16},
{"nome":"Lyman Tripney","dataNascimento":"24/11/1969","profissao":"Medico","tempoServico":14},
{"nome":"Jemmie Reddell","dataNascimento":"12/06/1967","profissao":"Motorista","tempoServico":18},
{"nome":"Montgomery Suttling","dataNascimento":"06/12/1951","profissao":"Policial","tempoServico":10},
{"nome":"Carmita Warren","dataNascimento":"16/10/1979","profissao":"Medico","tempoServico":13},
{"nome":"Nicoli Jonson","dataNascimento":"31/03/1954","profissao":"Medico","tempoServico":10},
{"nome":"Oswell Dubble","dataNascimento":"03/10/1998","profissao":"Professor","tempoServico":7},
{"nome":"Roderic Kidston","dataNascimento":"06/02/1995","profissao":"Professor","tempoServico":1},
{"nome":"Theda Coplestone","dataNascimento":"27/09/1957","profissao":"Professor","tempoServico":4},
{"nome":"Venita Markovic","dataNascimento":"26/10/1953","profissao":"Medico","tempoServico":1},
{"nome":"Zebulen Ings","dataNascimento":"02/05/2004","profissao":"Motorista","tempoServico":14},
{"nome":"Bev Viall","dataNascimento":"24/04/1961","profissao":"Motorista","tempoServico":4},
{"nome":"Coralie Blackborne","dataNascimento":"20/02/1969","profissao":"Motorista","tempoServico":3},
{"nome":"Randi Leslie","dataNascimento":"11/09/1997","profissao":"Medico","tempoServico":15},
{"nome":"Aundrea Mussetti","dataNascimento":"16/01/1958","profissao":"Professor","tempoServico":22},
{"nome":"Jennie Manjin","dataNascimento":"15/05/1983","profissao":"Policial","tempoServico":4},
{"nome":"Archibold Polgreen","dataNascimento":"18/09/1999","profissao":"Professor","tempoServico":14},
{"nome":"Patty Fagence","dataNascimento":"01/09/1996","profissao":"Policial","tempoServico":9},
{"nome":"Nichols Grelka","dataNascimento":"21/06/1997","profissao":"Policial","tempoServico":19},
{"nome":"Imogen Stickells","dataNascimento":"01/05/1956","profissao":"Policial","tempoServico":10},
{"nome":"Hedwig Proffitt","dataNascimento":"15/02/1980","profissao":"Professor","tempoServico":18},
{"nome":"Wynne Rutley","dataNascimento":"23/04/2003","profissao":"Policial","tempoServico":1},
{"nome":"Karlan Kowal","dataNascimento":"31/08/1976","profissao":"Professor","tempoServico":3},
{"nome":"Peadar Doggart","dataNascimento":"12/01/1992","profissao":"Policial","tempoServico":8},
{"nome":"Ty Ianittello","dataNascimento":"03/06/1986","profissao":"Policial","tempoServico":5},
{"nome":"Roderic Rosenstein","dataNascimento":"05/06/1974","profissao":"Motorista","tempoServico":22},
{"nome":"Coralyn Danis","dataNascimento":"24/10/1958","profissao":"Motorista","tempoServico":7},
{"nome":"Mandie Gallahue","dataNascimento":"26/06/1993","profissao":"Motorista","tempoServico":12},
{"nome":"Bryant Nowick","dataNascimento":"17/05/1957","profissao":"Medico","tempoServico":5},
{"nome":"Darrell McGuffog","dataNascimento":"13/10/1982","profissao":"Motorista","tempoServico":2},
{"nome":"Sherrie Dingley","dataNascimento":"27/07/1979","profissao":"Policial","tempoServico":1},
{"nome":"Merry Thewless","dataNascimento":"28/03/1993","profissao":"Policial","tempoServico":7},
{"nome":"Anni Worsfield","dataNascimento":"25/08/1956","profissao":"Policial","tempoServico":23},
{"nome":"Meade Matyushenko","dataNascimento":"28/07/1962","profissao":"Motorista","tempoServico":7},
{"nome":"Cherlyn Coley","dataNascimento":"08/04/1988","profissao":"Policial","tempoServico":16},
{"nome":"Eran Saveall","dataNascimento":"29/12/1991","profissao":"Professor","tempoServico":10},
{"nome":"Kelli Neward","dataNascimento":"31/12/1951","profissao":"Medico","tempoServico":25},
{"nome":"Banky Vasyushkhin","dataNascimento":"08/09/1955","profissao":"Professor","tempoServico":7},
{"nome":"Ralph Jansa","dataNascimento":"13/09/1977","profissao":"Motorista","tempoServico":13},
{"nome":"Eugenio Kille","dataNascimento":"30/12/1994","profissao":"Professor","tempoServico":13},
{"nome":"Michelina Greenstreet","dataNascimento":"19/04/1960","profissao":"Medico","tempoServico":23},
{"nome":"Wilbur Stoven","dataNascimento":"07/11/1957","profissao":"Professor","tempoServico":15},
{"nome":"Coletta Pochet","dataNascimento":"12/10/1992","profissao":"Professor","tempoServico":21},
{"nome":"Doti Barwise","dataNascimento":"27/05/1963","profissao":"Medico","tempoServico":14},
{"nome":"Brynne Whittlesea","dataNascimento":"16/08/1996","profissao":"Medico","tempoServico":2},
{"nome":"Bobette Bluschke","dataNascimento":"29/12/1958","profissao":"Professor","tempoServico":14},
{"nome":"Emeline Wateridge","dataNascimento":"06/07/1972","profissao":"Policial","tempoServico":3},
{"nome":"Yancey Embury","dataNascimento":"30/05/1993","profissao":"Motorista","tempoServico":23},
{"nome":"Vern Adamou","dataNascimento":"31/03/1989","profissao":"Medico","tempoServico":17},
{"nome":"Glennie Harkins","dataNascimento":"14/05/1991","profissao":"Medico","tempoServico":18},
{"nome":"Muire Kira","dataNascimento":"05/08/1984","profissao":"Professor","tempoServico":24},
{"nome":"Osborne Sivill","dataNascimento":"10/07/2001","profissao":"Policial","tempoServico":21},
{"nome":"Agathe Fellgate","dataNascimento":"23/09/1971","profissao":"Professor","tempoServico":25},
{"nome":"Griffith Grassi","dataNascimento":"17/10/1977","profissao":"Motorista","tempoServico":13},
{"nome":"Moritz Diboll","dataNascimento":"17/04/1994","profissao":"Motorista","tempoServico":15},
{"nome":"Kiley Kelemen","dataNascimento":"27/04/1958","profissao":"Motorista","tempoServico":24},
{"nome":"Ginger Lesek","dataNascimento":"12/05/1993","profissao":"Policial","tempoServico":2},
{"nome":"Nertie Liven","dataNascimento":"09/10/2003","profissao":"Medico","tempoServico":12},
{"nome":"Elihu McEnteggart","dataNascimento":"19/12/2001","profissao":"Professor","tempoServico":12},
{"nome":"Yetta Robyns","dataNascimento":"29/12/1990","profissao":"Professor","tempoServico":24},
{"nome":"Silvanus Bottomore","dataNascimento":"04/02/1958","profissao":"Motorista","tempoServico":19},
{"nome":"Gipsy Hugo","dataNascimento":"30/11/1973","profissao":"Medico","tempoServico":17},
{"nome":"Ciel Kenward","dataNascimento":"31/05/1960","profissao":"Professor","tempoServico":1},
{"nome":"Lutero Gross","dataNascimento":"12/11/1978","profissao":"Policial","tempoServico":2},
{"nome":"Brana Poland","dataNascimento":"15/03/1994","profissao":"Professor","tempoServico":22},
{"nome":"Gabriella Emer","dataNascimento":"19/07/1968","profissao":"Professor","tempoServico":17},
{"nome":"Engelbert Izakson","dataNascimento":"29/03/1999","profissao":"Professor","tempoServico":21},
{"nome":"Wally Hebburn","dataNascimento":"02/06/1978","profissao":"Professor","tempoServico":15},
{"nome":"Shaina Bowhay","dataNascimento":"19/02/1950","profissao":"Policial","tempoServico":19},
{"nome":"Dell Franca","dataNascimento":"19/12/1950","profissao":"Policial","tempoServico":3},
{"nome":"Angelia Brien","dataNascimento":"31/05/1976","profissao":"Policial","tempoServico":19},
{"nome":"Lesya Walklett","dataNascimento":"01/02/1975","profissao":"Professor","tempoServico":12},
{"nome":"Huntington Dreamer","dataNascimento":"11/05/1971","profissao":"Policial","tempoServico":6},
{"nome":"Sarine MacFadden","dataNascimento":"23/04/1987","profissao":"Medico","tempoServico":21},
{"nome":"Alison Braddock","dataNascimento":"02/07/1963","profissao":"Medico","tempoServico":11},
{"nome":"Jerry Shinton","dataNascimento":"07/09/1960","profissao":"Motorista","tempoServico":12},
{"nome":"Demetris De la Yglesia","dataNascimento":"01/08/1962","profissao":"Professor","tempoServico":21},
{"nome":"Helenka Farnie","dataNascimento":"10/07/2003","profissao":"Professor","tempoServico":23},
{"nome":"Diandra Keigher","dataNascimento":"20/08/1984","profissao":"Motorista","tempoServico":15},
{"nome":"Laraine Tills","dataNascimento":"14/04/1959","profissao":"Medico","tempoServico":7},
{"nome":"Rodd Haddinton","dataNascimento":"22/04/1981","profissao":"Professor","tempoServico":18},
{"nome":"Korella Crannell","dataNascimento":"18/04/1998","profissao":"Professor","tempoServico":5},
{"nome":"Tierney Swanbourne","dataNascimento":"15/12/1990","profissao":"Motorista","tempoServico":24},
{"nome":"Lilllie Attwater","dataNascimento":"06/04/1982","profissao":"Medico","tempoServico":18},
{"nome":"Anderea Banat","dataNascimento":"26/03/1956","profissao":"Professor","tempoServico":16},
{"nome":"Angeli Andrei","dataNascimento":"31/12/1957","profissao":"Medico","tempoServico":1},
{"nome":"Victoir Meachen","dataNascimento":"18/01/1963","profissao":"Medico","tempoServico":2},
{"nome":"Hanni Jandera","dataNascimento":"24/04/1977","profissao":"Medico","tempoServico":13},
{"nome":"Roarke Rodenburgh","dataNascimento":"12/06/1974","profissao":"Policial","tempoServico":22},
{"nome":"Ingar Tripe","dataNascimento":"17/04/1978","profissao":"Motorista","tempoServico":9},
{"nome":"Dexter Cottis","dataNascimento":"19/09/1966","profissao":"Professor","tempoServico":13},
{"nome":"Matthiew Deacock","dataNascimento":"20/03/1960","profissao":"Motorista","tempoServico":10},
{"nome":"Jandy Boxe","dataNascimento":"06/04/1962","profissao":"Policial","tempoServico":12},
{"nome":"Winifield Barnhart","dataNascimento":"31/07/2001","profissao":"Motorista","tempoServico":18},
{"nome":"Granny Woodlands","dataNascimento":"06/02/1966","profissao":"Medico","tempoServico":3},
{"nome":"Ozzie Brombell","dataNascimento":"21/10/1990","profissao":"Motorista","tempoServico":18},
{"nome":"Billi Kinver","dataNascimento":"26/07/1950","profissao":"Professor","tempoServico":17},
{"nome":"Lina Joust","dataNascimento":"07/07/1977","profissao":"Professor","tempoServico":18},
{"nome":"Morly Musselwhite","dataNascimento":"20/04/1986","profissao":"Policial","tempoServico":11},
{"nome":"Ebeneser Hasel","dataNascimento":"15/05/1970","profissao":"Policial","tempoServico":11},
{"nome":"Shelagh Rizzelli","dataNascimento":"13/10/1986","profissao":"Policial","tempoServico":14},
{"nome":"Kincaid Glaum","dataNascimento":"03/06/1962","profissao":"Professor","tempoServico":3},
{"nome":"Vanni Gadd","dataNascimento":"16/02/1964","profissao":"Motorista","tempoServico":11},
{"nome":"Moe Rosenshine","dataNascimento":"13/12/1991","profissao":"Medico","tempoServico":24},
{"nome":"Wiley Rosenwasser","dataNascimento":"01/08/1982","profissao":"Medico","tempoServico":16},
{"nome":"Talbert O'Hagirtie","dataNascimento":"23/07/1965","profissao":"Professor","tempoServico":7},
{"nome":"Corbie Schirok","dataNascimento":"22/04/1979","profissao":"Professor","tempoServico":4},
{"nome":"Remy Iohananof","dataNascimento":"07/08/1985","profissao":"Medico","tempoServico":3},
{"nome":"Guglielma Atter","dataNascimento":"20/12/2003","profissao":"Medico","tempoServico":24},
{"nome":"Chrissie Byers","dataNascimento":"18/02/1983","profissao":"Professor","tempoServico":23},
{"nome":"Aundrea Simko","dataNascimento":"24/06/1997","profissao":"Professor","tempoServico":15},
{"nome":"Carroll Caulket","dataNascimento":"13/03/1988","profissao":"Policial","tempoServico":24},
{"nome":"Katinka Herculeson","dataNascimento":"11/10/1969","profissao":"Policial","tempoServico":13},
{"nome":"Keir Benneton","dataNascimento":"16/12/1992","profissao":"Policial","tempoServico":7},
{"nome":"La verne Moulds","dataNascimento":"20/08/1968","profissao":"Policial","tempoServico":11},
{"nome":"Micki Lempenny","dataNascimento":"13/09/1999","profissao":"Professor","tempoServico":5},
{"nome":"Sutherland Ariss","dataNascimento":"19/09/1974","profissao":"Medico","tempoServico":12},
{"nome":"Bianka Fetters","dataNascimento":"06/12/1978","profissao":"Professor","tempoServico":9},
{"nome":"Reagan O'Kane","dataNascimento":"04/12/1950","profissao":"Motorista","tempoServico":25},
{"nome":"Halie Hook","dataNascimento":"03/10/1997","profissao":"Policial","tempoServico":13},
{"nome":"Massimo Tremblay","dataNascimento":"10/12/1955","profissao":"Professor","tempoServico":23},
{"nome":"Casey O'Lagene","dataNascimento":"04/04/2002","profissao":"Medico","tempoServico":16},
{"nome":"Guillaume Matthews","dataNascimento":"10/06/1981","profissao":"Policial","tempoServico":17},
{"nome":"Rogers Emeny","dataNascimento":"11/08/1988","profissao":"Motorista","tempoServico":1},
{"nome":"Libbi Cargo","dataNascimento":"10/01/1973","profissao":"Medico","tempoServico":23},
{"nome":"Mikkel Melbury","dataNascimento":"16/03/1952","profissao":"Policial","tempoServico":12},
{"nome":"Selma Benazet","dataNascimento":"04/09/1987","profissao":"Professor","tempoServico":19},
{"nome":"Lorilyn Dowry","dataNascimento":"02/03/1976","profissao":"Policial","tempoServico":19},
{"nome":"Eleni Khristyukhin","dataNascimento":"11/12/2001","profissao":"Motorista","tempoServico":5},
{"nome":"Lorenza Kellock","dataNascimento":"28/11/1953","profissao":"Professor","tempoServico":9},
{"nome":"Zared McKaile","dataNascimento":"08/10/1987","profissao":"Professor","tempoServico":20},
{"nome":"Clair MacCallion","dataNascimento":"28/10/1954","profissao":"Policial","tempoServico":17},
{"nome":"Thedrick Drinkwater","dataNascimento":"31/01/2002","profissao":"Medico","tempoServico":15},
{"nome":"Sheelagh Troy","dataNascimento":"24/04/2003","profissao":"Medico","tempoServico":1},
{"nome":"Sandye Konzelmann","dataNascimento":"19/02/1999","profissao":"Policial","tempoServico":10},
{"nome":"Eveline Beresfore","dataNascimento":"21/03/2001","profissao":"Policial","tempoServico":20},
{"nome":"Mitchell Van Leijs","dataNascimento":"02/12/1958","profissao":"Policial","tempoServico":17},
{"nome":"Sigismund Waeland","dataNascimento":"23/01/1988","profissao":"Professor","tempoServico":5},
{"nome":"Seth Doncaster","dataNascimento":"25/03/1955","profissao":"Policial","tempoServico":2},
{"nome":"Valeria Rolland","dataNascimento":"15/10/1980","profissao":"Professor","tempoServico":21},
{"nome":"Lizzy Roubeix","dataNascimento":"08/06/1962","profissao":"Professor","tempoServico":18},
{"nome":"Emmie Fulep","dataNascimento":"13/03/1996","profissao":"Motorista","tempoServico":19},
{"nome":"Aldus Sherbourne","dataNascimento":"30/04/1986","profissao":"Professor","tempoServico":10},
{"nome":"Temple Stedson","dataNascimento":"03/03/1991","profissao":"Medico","tempoServico":25},
{"nome":"Karia Ventris","dataNascimento":"12/06/2002","profissao":"Medico","tempoServico":24},
{"nome":"Kaylil Prate","dataNascimento":"20/01/1990","profissao":"Professor","tempoServico":20},
{"nome":"Flory Rounds","dataNascimento":"07/10/1959","profissao":"Policial","tempoServico":23},
{"nome":"Marlow Lintott","dataNascimento":"05/10/1997","profissao":"Professor","tempoServico":17},
{"nome":"Doroteya Horsfield","dataNascimento":"19/08/1972","profissao":"Medico","tempoServico":23},
{"nome":"Lauryn Cringle","dataNascimento":"06/09/1954","profissao":"Professor","tempoServico":14},
{"nome":"Tamas Saur","dataNascimento":"08/12/1964","profissao":"Policial","tempoServico":18},
{"nome":"Juline Dennant","dataNascimento":"25/01/1987","profissao":"Motorista","tempoServico":14},
{"nome":"Gabriel Kilkenny","dataNascimento":"08/11/1990","profissao":"Motorista","tempoServico":15},
{"nome":"Tarrah Bukowski","dataNascimento":"05/10/1969","profissao":"Policial","tempoServico":6},
{"nome":"Sapphira Jefferd","dataNascimento":"14/12/1953","profissao":"Policial","tempoServico":4},
{"nome":"Daniel Cloute","dataNascimento":"04/04/1967","profissao":"Professor","tempoServico":13},
{"nome":"Daisey Aldwick","dataNascimento":"12/01/1967","profissao":"Policial","tempoServico":2},
{"nome":"Jamill Lasselle","dataNascimento":"02/06/1974","profissao":"Medico","tempoServico":13},
{"nome":"Star Berardt","dataNascimento":"21/05/1963","profissao":"Policial","tempoServico":13},
{"nome":"Catarina Spellard","dataNascimento":"15/04/1998","profissao":"Motorista","tempoServico":15},
{"nome":"Dorey Jenner","dataNascimento":"19/08/1960","profissao":"Motorista","tempoServico":10},
{"nome":"Ruddy Moulden","dataNascimento":"04/04/1989","profissao":"Professor","tempoServico":6},
{"nome":"Kendrick Castanyer","dataNascimento":"21/05/1963","profissao":"Medico","tempoServico":13},
{"nome":"Randy Corr","dataNascimento":"12/11/1967","profissao":"Policial","tempoServico":2},
{"nome":"Egbert De Hooge","dataNascimento":"28/06/1995","profissao":"Motorista","tempoServico":8},
{"nome":"Barbaraanne Thewless","dataNascimento":"14/05/1977","profissao":"Motorista","tempoServico":24},
{"nome":"Maison Vampouille","dataNascimento":"10/11/1971","profissao":"Motorista","tempoServico":22},
{"nome":"Delcine Fontes","dataNascimento":"22/04/1960","profissao":"Professor","tempoServico":1},
{"nome":"Sayres Sherrocks","dataNascimento":"31/07/1952","profissao":"Motorista","tempoServico":3},
{"nome":"Nettle Heinzel","dataNascimento":"01/09/1983","profissao":"Policial","tempoServico":8},
{"nome":"Melvin Blees","dataNascimento":"12/01/1960","profissao":"Policial","tempoServico":15},
{"nome":"Eulalie Robson","dataNascimento":"08/09/1997","profissao":"Medico","tempoServico":1},
{"nome":"Muriel Keuneke","dataNascimento":"11/02/1965","profissao":"Policial","tempoServico":19},
{"nome":"Jonathon Heeron","dataNascimento":"09/11/1981","profissao":"Professor","tempoServico":24},
{"nome":"Thorstein Stapforth","dataNascimento":"11/06/2003","profissao":"Medico","tempoServico":16},
{"nome":"Frayda Ogley","dataNascimento":"13/01/1956","profissao":"Professor","tempoServico":18},
{"nome":"Berne Klaaassen","dataNascimento":"06/11/2002","profissao":"Policial","tempoServico":1},
{"nome":"Stacie Filipowicz","dataNascimento":"07/07/1958","profissao":"Motorista","tempoServico":20},
{"nome":"Mona Zuker","dataNascimento":"20/09/1986","profissao":"Motorista","tempoServico":15},
{"nome":"Yevette Harrold","dataNascimento":"26/09/1962","profissao":"Policial","tempoServico":5},
{"nome":"Toddie Showalter","dataNascimento":"17/03/1953","profissao":"Motorista","tempoServico":12},
{"nome":"Larina Kerslake","dataNascimento":"16/03/2003","profissao":"Medico","tempoServico":8},
{"nome":"Kyle Schuh","dataNascimento":"25/04/1997","profissao":"Motorista","tempoServico":7},
{"nome":"Bernete Wadie","dataNascimento":"27/08/1993","profissao":"Medico","tempoServico":8},
{"nome":"Mehetabel Hamsson","dataNascimento":"17/11/1971","profissao":"Policial","tempoServico":17},
{"nome":"Bob July","dataNascimento":"30/07/1958","profissao":"Professor","tempoServico":16},
{"nome":"Ellie Canaan","dataNascimento":"21/08/1964","profissao":"Medico","tempoServico":21},
{"nome":"Grethel Larwood","dataNascimento":"07/09/1971","profissao":"Policial","tempoServico":8},
{"nome":"Kirby Hurles","dataNascimento":"11/01/1979","profissao":"Medico","tempoServico":4},
{"nome":"Vinny O'Keaveny","dataNascimento":"10/09/2001","profissao":"Professor","tempoServico":14},
{"nome":"Trey Tuffield","dataNascimento":"06/11/1976","profissao":"Policial","tempoServico":22},
{"nome":"Patrice Runchman","dataNascimento":"20/10/1990","profissao":"Policial","tempoServico":9},
{"nome":"Fairleigh Feakins","dataNascimento":"14/01/1960","profissao":"Professor","tempoServico":23},
{"nome":"Doretta Cattlow","dataNascimento":"04/12/1978","profissao":"Motorista","tempoServico":12},
{"nome":"Rebecca Harlett","dataNascimento":"16/10/1953","profissao":"Medico","tempoServico":3},
{"nome":"Alis Prowse","dataNascimento":"05/06/1952","profissao":"Professor","tempoServico":12},
{"nome":"Wenona Bulleyn","dataNascimento":"05/06/1987","profissao":"Medico","tempoServico":6},
{"nome":"Edita Gregor","dataNascimento":"02/04/1972","profissao":"Policial","tempoServico":6},
{"nome":"Merell Ahrendsen","dataNascimento":"01/06/1970","profissao":"Medico","tempoServico":8},
{"nome":"Saudra Penritt","dataNascimento":"07/09/1989","profissao":"Medico","tempoServico":1},
{"nome":"Scarface Lancett","dataNascimento":"28/11/1981","profissao":"Professor","tempoServico":17},
{"nome":"Valma Cinavas","dataNascimento":"08/11/1978","profissao":"Motorista","tempoServico":3},
{"nome":"Minnaminnie Synke","dataNascimento":"23/11/1984","profissao":"Medico","tempoServico":18},
{"nome":"Yvon Del Castello","dataNascimento":"11/04/1959","profissao":"Medico","tempoServico":22},
{"nome":"Danna Schofield","dataNascimento":"27/03/1957","profissao":"Professor","tempoServico":22},
{"nome":"Rafe Pinnion","dataNascimento":"15/08/1962","profissao":"Motorista","tempoServico":9},
{"nome":"Rosana Wayman","dataNascimento":"03/01/1978","profissao":"Policial","tempoServico":19},
{"nome":"Chrissie Doogan","dataNascimento":"06/11/1990","profissao":"Policial","tempoServico":9},
{"nome":"Brittaney Costock","dataNascimento":"14/06/1961","profissao":"Motorista","tempoServico":20},
{"nome":"Nicolle Hanscome","dataNascimento":"08/01/1955","profissao":"Policial","tempoServico":11},
{"nome":"Gerrard Roust","dataNascimento":"20/11/1996","profissao":"Professor","tempoServico":17},
{"nome":"Arlina MacRierie","dataNascimento":"18/10/1974","profissao":"Medico","tempoServico":14},
{"nome":"Onida Boone","dataNascimento":"13/11/1958","profissao":"Motorista","tempoServico":2},
{"nome":"Joanna McGorley","dataNascimento":"25/06/1994","profissao":"Medico","tempoServico":18},
{"nome":"Gabriello Gisburne","dataNascimento":"22/12/1968","profissao":"Policial","tempoServico":16},
{"nome":"Derry Duffett","dataNascimento":"25/04/1988","profissao":"Policial","tempoServico":7},
{"nome":"Alexandrina Doumer","dataNascimento":"19/09/1954","profissao":"Professor","tempoServico":18},
{"nome":"Pate Watchorn","dataNascimento":"08/06/2004","profissao":"Medico","tempoServico":13},
{"nome":"Moina Chewter","dataNascimento":"15/04/1961","profissao":"Medico","tempoServico":24},
{"nome":"Ivor Acaster","dataNascimento":"14/09/1957","profissao":"Professor","tempoServico":7},
{"nome":"Iorgo Apfelmann","dataNascimento":"01/04/1963","profissao":"Motorista","tempoServico":14},
{"nome":"Leigha Childers","dataNascimento":"27/04/1988","profissao":"Policial","tempoServico":23},
{"nome":"Edgard Southwick","dataNascimento":"29/06/1974","profissao":"Motorista","tempoServico":20},
{"nome":"Louis Kenington","dataNascimento":"01/11/2003","profissao":"Policial","tempoServico":9},
{"nome":"Barb Yakovich","dataNascimento":"23/01/2003","profissao":"Professor","tempoServico":4},
{"nome":"Rayshell Fayter","dataNascimento":"26/08/1959","profissao":"Motorista","tempoServico":5},
{"nome":"Sky De Filippis","dataNascimento":"30/11/1973","profissao":"Motorista","tempoServico":19},
{"nome":"Star Lenham","dataNascimento":"22/10/2002","profissao":"Motorista","tempoServico":23},
{"nome":"Shellysheldon Hatchette","dataNascimento":"01/10/1952","profissao":"Policial","tempoServico":23},
{"nome":"Allister Cockerton","dataNascimento":"16/05/2000","profissao":"Medico","tempoServico":1},
{"nome":"Gaylor Budding","dataNascimento":"04/05/1960","profissao":"Policial","tempoServico":8},
{"nome":"Skyler Coltart","dataNascimento":"03/07/2001","profissao":"Policial","tempoServico":16},
{"nome":"Claudell Jahnisch","dataNascimento":"09/07/1967","profissao":"Policial","tempoServico":12},
{"nome":"Ronny Standley","dataNascimento":"22/02/1994","profissao":"Medico","tempoServico":1},
{"nome":"Cello Osinin","dataNascimento":"29/05/1991","profissao":"Motorista","tempoServico":1},
{"nome":"Olia McConnachie","dataNascimento":"23/02/1962","profissao":"Medico","tempoServico":8},
{"nome":"Misti Attiwill","dataNascimento":"07/04/1998","profissao":"Policial","tempoServico":22},
{"nome":"Frederica Girardoni","dataNascimento":"07/03/1976","profissao":"Medico","tempoServico":20},
{"nome":"Kaleena MacFall","dataNascimento":"22/09/1978","profissao":"Professor","tempoServico":2},
{"nome":"Leia Babidge","dataNascimento":"28/03/1979","profissao":"Professor","tempoServico":24},
{"nome":"Jeno Petrosian","dataNascimento":"02/11/1969","profissao":"Motorista","tempoServico":14},
{"nome":"Antonina Grindell","dataNascimento":"17/01/1997","profissao":"Motorista","tempoServico":20},
{"nome":"Dell Tomei","dataNascimento":"01/12/1974","profissao":"Professor","tempoServico":6},
{"nome":"Stephie Cran","dataNascimento":"16/09/2002","profissao":"Policial","tempoServico":10},
{"nome":"Brittaney Bellfield","dataNascimento":"18/10/1995","profissao":"Professor","tempoServico":11},
{"nome":"Delcine Pecha","dataNascimento":"13/08/1970","profissao":"Motorista","tempoServico":13},
{"nome":"Ninetta Melluish","dataNascimento":"09/09/1977","profissao":"Professor","tempoServico":20},
{"nome":"Doria Mc Coughan","dataNascimento":"29/04/1994","profissao":"Professor","tempoServico":5},
{"nome":"Helyn Pina","dataNascimento":"13/10/1959","profissao":"Policial","tempoServico":5},
{"nome":"Larissa Priestland","dataNascimento":"20/10/1954","profissao":"Motorista","tempoServico":21},
{"nome":"Raphael Cunnane","dataNascimento":"03/01/1958","profissao":"Policial","tempoServico":14},
{"nome":"Amargo Woodroff","dataNascimento":"12/09/1998","profissao":"Professor","tempoServico":3},
{"nome":"Lesley Brookes","dataNascimento":"18/07/1985","profissao":"Medico","tempoServico":10},
{"nome":"Calvin Brando","dataNascimento":"31/07/1984","profissao":"Motorista","tempoServico":6},
{"nome":"Isabelle Dullard","dataNascimento":"23/11/1953","profissao":"Motorista","tempoServico":5},
{"nome":"Kathleen Grund","dataNascimento":"02/08/1998","profissao":"Motorista","tempoServico":18},
{"nome":"Brynn Corradetti","dataNascimento":"24/03/1959","profissao":"Motorista","tempoServico":21},
{"nome":"Michelina Sanson","dataNascimento":"13/10/1994","profissao":"Medico","tempoServico":22},
{"nome":"Kasey Nial","dataNascimento":"02/04/1973","profissao":"Motorista","tempoServico":5},
{"nome":"Hana Mulqueeny","dataNascimento":"18/06/2002","profissao":"Policial","tempoServico":8},
{"nome":"Lucais Bromont","dataNascimento":"20/05/1953","profissao":"Motorista","tempoServico":25},
{"nome":"Robenia Crawforth","dataNascimento":"20/08/1955","profissao":"Medico","tempoServico":6},
{"nome":"Doralynne Dorricott","dataNascimento":"15/10/1952","profissao":"Medico","tempoServico":1},
{"nome":"Fredi Martinetto","dataNascimento":"03/03/1953","profissao":"Motorista","tempoServico":21},
{"nome":"Darrell Haliburn","dataNascimento":"25/10/1961","profissao":"Motorista","tempoServico":17},
{"nome":"Adrianne Whinray","dataNascimento":"24/11/1952","profissao":"Medico","tempoServico":1},
{"nome":"Mair Fortin","dataNascimento":"07/01/2003","profissao":"Medico","tempoServico":3},
{"nome":"Kari Toderi","dataNascimento":"27/07/1974","profissao":"Professor","tempoServico":6},
{"nome":"Blanch Camosso","dataNascimento":"11/07/1970","profissao":"Professor","tempoServico":4},
{"nome":"Willard Agglione","dataNascimento":"24/05/1953","profissao":"Medico","tempoServico":17},
{"nome":"Kienan Cyster","dataNascimento":"05/12/1966","profissao":"Motorista","tempoServico":24},
{"nome":"Hamid Gorgl","dataNascimento":"13/12/1983","profissao":"Motorista","tempoServico":25},
{"nome":"Irita Caccavella","dataNascimento":"06/08/1990","profissao":"Motorista","tempoServico":11},
{"nome":"Bent Cherm","dataNascimento":"24/02/1950","profissao":"Motorista","tempoServico":4},
{"nome":"Madelin Aberkirder","dataNascimento":"25/04/1971","profissao":"Motorista","tempoServico":17},
{"nome":"Horst McCarter","dataNascimento":"01/11/1979","profissao":"Policial","tempoServico":7},
{"nome":"Hew Moscone","dataNascimento":"22/02/1979","profissao":"Policial","tempoServico":5},
{"nome":"Raynard Randales","dataNascimento":"26/09/1970","profissao":"Professor","tempoServico":9},
{"nome":"Vanessa Beales","dataNascimento":"21/02/2002","profissao":"Policial","tempoServico":3},
{"nome":"Augusto Paraman","dataNascimento":"05/12/1969","profissao":"Motorista","tempoServico":20},
{"nome":"Burr Bessell","dataNascimento":"26/02/1954","profissao":"Professor","tempoServico":25},
{"nome":"Marietta Creelman","dataNascimento":"11/02/1977","profissao":"Policial","tempoServico":11},
{"nome":"Gwyn Faustin","dataNascimento":"23/08/1987","profissao":"Professor","tempoServico":14},
{"nome":"Ondrea Dounbare","dataNascimento":"12/10/1968","profissao":"Medico","tempoServico":10},
{"nome":"Larisa Labba","dataNascimento":"20/03/1970","profissao":"Medico","tempoServico":23},
{"nome":"Esra Grafton","dataNascimento":"28/01/1963","profissao":"Medico","tempoServico":2},
{"nome":"Joseph Rustich","dataNascimento":"20/11/1953","profissao":"Motorista","tempoServico":5},
{"nome":"Mikael Carefull","dataNascimento":"07/08/1973","profissao":"Policial","tempoServico":18},
{"nome":"Bertrand Dignall","dataNascimento":"22/01/1952","profissao":"Professor","tempoServico":2},
{"nome":"Nicolle Ferreli","dataNascimento":"26/08/1952","profissao":"Policial","tempoServico":10},
{"nome":"Bard Stilgoe","dataNascimento":"04/01/1950","profissao":"Policial","tempoServico":18},
{"nome":"Whitaker Janssen","dataNascimento":"06/02/1954","profissao":"Policial","tempoServico":20},
{"nome":"Ryley Cowles","dataNascimento":"16/01/2002","profissao":"Medico","tempoServico":20},
{"nome":"Chrystal Elms","dataNascimento":"02/12/1971","profissao":"Policial","tempoServico":9},
{"nome":"Shandy O'Doireidh","dataNascimento":"22/12/1983","profissao":"Motorista","tempoServico":15},
{"nome":"Julina Goodbur","dataNascimento":"28/10/1990","profissao":"Professor","tempoServico":3},
{"nome":"Maddi Lambden","dataNascimento":"21/12/1951","profissao":"Professor","tempoServico":17},
{"nome":"Bronson Como","dataNascimento":"27/03/1971","profissao":"Policial","tempoServico":21},
{"nome":"Desi Calven","dataNascimento":"21/10/2002","profissao":"Medico","tempoServico":18},
{"nome":"Jammal Dudbridge","dataNascimento":"29/01/2002","profissao":"Professor","tempoServico":8},
{"nome":"Justin Accum","dataNascimento":"19/05/1972","profissao":"Medico","tempoServico":23},
{"nome":"Isabelita Telfer","dataNascimento":"12/06/1962","profissao":"Motorista","tempoServico":18},
{"nome":"Desi Pinel","dataNascimento":"06/03/1957","profissao":"Policial","tempoServico":3},
{"nome":"Kalina Cheal","dataNascimento":"14/05/1963","profissao":"Motorista","tempoServico":17},
{"nome":"Milo Klemt","dataNascimento":"28/10/1963","profissao":"Professor","tempoServico":1},
{"nome":"Leodora Mc Menamin","dataNascimento":"19/02/1999","profissao":"Policial","tempoServico":13},
{"nome":"Camilla Letford","dataNascimento":"08/11/1970","profissao":"Policial","tempoServico":17},
{"nome":"Teresita Skaid","dataNascimento":"29/05/1980","profissao":"Policial","tempoServico":11},
{"nome":"Mureil Greated","dataNascimento":"27/02/1957","profissao":"Professor","tempoServico":22},
{"nome":"Rickie Alexsandrov","dataNascimento":"22/12/1993","profissao":"Medico","tempoServico":1},
{"nome":"Norby Dryden","dataNascimento":"20/03/1995","profissao":"Medico","tempoServico":1},
{"nome":"Marion Tregale","dataNascimento":"18/07/1953","profissao":"Professor","tempoServico":8},
{"nome":"Davidde Raiment","dataNascimento":"17/07/1958","profissao":"Medico","tempoServico":3},
{"nome":"Perri Aprahamian","dataNascimento":"23/09/1988","profissao":"Professor","tempoServico":9},
{"nome":"Amie Mineghelli","dataNascimento":"14/10/1950","profissao":"Medico","tempoServico":19},
{"nome":"Herta Call","dataNascimento":"20/08/1972","profissao":"Medico","tempoServico":8},
{"nome":"Vail Breeds","dataNascimento":"23/12/1980","profissao":"Professor","tempoServico":9},
{"nome":"Dianne Heifer","dataNascimento":"31/05/2000","profissao":"Medico","tempoServico":4},
{"nome":"Sherrie Dukes","dataNascimento":"14/08/1979","profissao":"Policial","tempoServico":9},
{"nome":"Leisha Dugmore","dataNascimento":"28/09/1969","profissao":"Medico","tempoServico":22},
{"nome":"Fredrick Moulding","dataNascimento":"11/12/1978","profissao":"Policial","tempoServico":4},
{"nome":"Fernando Ayre","dataNascimento":"08/07/1950","profissao":"Policial","tempoServico":19},
{"nome":"Stephine Bene","dataNascimento":"17/01/1958","profissao":"Medico","tempoServico":4},
{"nome":"Starla Derycot","dataNascimento":"26/06/1960","profissao":"Professor","tempoServico":4},
{"nome":"Jeannette St. Quentin","dataNascimento":"07/09/1982","profissao":"Medico","tempoServico":9},
{"nome":"Sondra Billham","dataNascimento":"13/05/1961","profissao":"Policial","tempoServico":15},
{"nome":"Ignatius Mokes","dataNascimento":"08/05/1967","profissao":"Professor","tempoServico":17},
{"nome":"Roseann Jacklings","dataNascimento":"11/02/2004","profissao":"Policial","tempoServico":4},
{"nome":"Kandace Anscombe","dataNascimento":"31/07/2000","profissao":"Professor","tempoServico":17},
{"nome":"Isa Attyeo","dataNascimento":"06/09/1989","profissao":"Policial","tempoServico":18},
{"nome":"Reagan Vasilevich","dataNascimento":"14/04/1996","profissao":"Professor","tempoServico":12},
{"nome":"Maritsa Birdsall","dataNascimento":"09/09/2000","profissao":"Medico","tempoServico":10},
{"nome":"Cyndi Thake","dataNascimento":"13/10/1968","profissao":"Policial","tempoServico":24},
{"nome":"Del Tumility","dataNascimento":"17/10/1974","profissao":"Professor","tempoServico":5},
{"nome":"Lonny Smitton","dataNascimento":"19/05/1988","profissao":"Policial","tempoServico":12},
{"nome":"Obidiah Destouche","dataNascimento":"20/10/1988","profissao":"Policial","tempoServico":19},
{"nome":"Appolonia Tolchar","dataNascimento":"10/12/1975","profissao":"Policial","tempoServico":17},
{"nome":"Mason Fortune","dataNascimento":"24/12/2002","profissao":"Policial","tempoServico":7},
{"nome":"Myles Prigg","dataNascimento":"13/11/1982","profissao":"Professor","tempoServico":7},
{"nome":"Sabrina Morfey","dataNascimento":"28/08/1960","profissao":"Medico","tempoServico":9},
{"nome":"Corri Fiddy","dataNascimento":"20/01/2002","profissao":"Medico","tempoServico":16},
{"nome":"Amity Davio","dataNascimento":"07/06/1966","profissao":"Policial","tempoServico":15},
{"nome":"Bradley Macquire","dataNascimento":"11/04/1986","profissao":"Motorista","tempoServico":11},
{"nome":"Gerianne Gercke","dataNascimento":"19/04/1997","profissao":"Policial","tempoServico":13},
{"nome":"Pincus McGarrell","dataNascimento":"04/08/1997","profissao":"Motorista","tempoServico":13},
{"nome":"Guntar Detheridge","dataNascimento":"04/01/1982","profissao":"Motorista","tempoServico":22},
{"nome":"Chiquita Kemet","dataNascimento":"09/05/1985","profissao":"Medico","tempoServico":4},
{"nome":"Charline Poge","dataNascimento":"29/07/1978","profissao":"Policial","tempoServico":13},
{"nome":"My Key","dataNascimento":"05/08/1979","profissao":"Professor","tempoServico":20},
{"nome":"Stepha Trays","dataNascimento":"17/07/1979","profissao":"Professor","tempoServico":24},
{"nome":"Leonidas McLuckie","dataNascimento":"15/05/1973","profissao":"Policial","tempoServico":14},
{"nome":"Valene McKellen","dataNascimento":"11/08/1955","profissao":"Motorista","tempoServico":21},
{"nome":"Hiram Massingberd","dataNascimento":"09/01/1970","profissao":"Policial","tempoServico":16},
{"nome":"Pennie Basini-Gazzi","dataNascimento":"18/08/1974","profissao":"Medico","tempoServico":23},
{"nome":"Adelind Herculson","dataNascimento":"06/03/1974","profissao":"Professor","tempoServico":3},
{"nome":"Zelig McKiernan","dataNascimento":"06/04/1998","profissao":"Motorista","tempoServico":3},
{"nome":"Brittan Auston","dataNascimento":"06/06/2004","profissao":"Professor","tempoServico":9},
{"nome":"Elston Stoyell","dataNascimento":"05/11/1962","profissao":"Professor","tempoServico":4},
{"nome":"Martita Jozwiak","dataNascimento":"13/11/1964","profissao":"Medico","tempoServico":22},
{"nome":"Enriqueta Burnsell","dataNascimento":"09/04/1972","profissao":"Medico","tempoServico":13},
{"nome":"Garrett Bearfoot","dataNascimento":"23/05/1997","profissao":"Professor","tempoServico":21},
{"nome":"Adelind Heamus","dataNascimento":"17/11/1968","profissao":"Policial","tempoServico":10},
{"nome":"Brendan McAulay","dataNascimento":"23/08/1983","profissao":"Policial","tempoServico":8},
{"nome":"Julienne Boteman","dataNascimento":"12/06/1963","profissao":"Motorista","tempoServico":18},
{"nome":"Ddene Huggard","dataNascimento":"03/08/1989","profissao":"Medico","tempoServico":23},
{"nome":"Roddie Porkiss","dataNascimento":"02/08/1964","profissao":"Policial","tempoServico":11},
{"nome":"Adda Langley","dataNascimento":"11/05/1963","profissao":"Professor","tempoServico":12},
{"nome":"Elliot Isac","dataNascimento":"27/08/1976","profissao":"Policial","tempoServico":13},
{"nome":"Melesa Dymocke","dataNascimento":"15/12/1956","profissao":"Medico","tempoServico":6},
{"nome":"Cathleen Pietri","dataNascimento":"23/11/1992","profissao":"Motorista","tempoServico":6},
{"nome":"Nichole Guiso","dataNascimento":"11/03/1956","profissao":"Policial","tempoServico":14},
{"nome":"Sampson Powys","dataNascimento":"16/03/1984","profissao":"Medico","tempoServico":9},
{"nome":"Gery Rimmington","dataNascimento":"22/04/1950","profissao":"Medico","tempoServico":3},
{"nome":"Farand Bugby","dataNascimento":"16/10/1970","profissao":"Professor","tempoServico":11},
{"nome":"Darryl Bengal","dataNascimento":"19/05/1954","profissao":"Medico","tempoServico":20},
{"nome":"Silvano Hasney","dataNascimento":"17/06/1981","profissao":"Professor","tempoServico":19},
{"nome":"Ebba Thatcham","dataNascimento":"17/07/1963","profissao":"Professor","tempoServico":14},
{"nome":"Barbabra Dingwall","dataNascimento":"29/07/1985","profissao":"Motorista","tempoServico":2},
{"nome":"Toma Sier","dataNascimento":"06/01/1951","profissao":"Motorista","tempoServico":8},
{"nome":"Marvin Cardwell","dataNascimento":"11/02/1970","profissao":"Professor","tempoServico":8},
{"nome":"Lucretia MacQuist","dataNascimento":"19/07/1984","profissao":"Medico","tempoServico":10},
{"nome":"Peirce Axston","dataNascimento":"23/09/1975","profissao":"Motorista","tempoServico":16},
{"nome":"Worthington Belli","dataNascimento":"02/11/1994","profissao":"Medico","tempoServico":16},
{"nome":"Maryanna Whichelow","dataNascimento":"20/11/1959","profissao":"Professor","tempoServico":3},
{"nome":"Weider Lavies","dataNascimento":"23/08/1970","profissao":"Policial","tempoServico":11},
{"nome":"Roman Whatman","dataNascimento":"16/07/1967","profissao":"Policial","tempoServico":24},
{"nome":"Gerhardine Gillbard","dataNascimento":"05/03/1958","profissao":"Policial","tempoServico":10},
{"nome":"Iain Wein","dataNascimento":"15/03/2000","profissao":"Professor","tempoServico":9},
{"nome":"Rogers Housen","dataNascimento":"24/12/1954","profissao":"Policial","tempoServico":14},
{"nome":"Bobina Bazoge","dataNascimento":"09/02/1973","profissao":"Motorista","tempoServico":22},
{"nome":"Iorgos Chattell","dataNascimento":"13/04/1981","profissao":"Professor","tempoServico":6},
{"nome":"Grantham Gillbe","dataNascimento":"31/01/1989","profissao":"Medico","tempoServico":14},
{"nome":"Hillie Andreu","dataNascimento":"11/08/1954","profissao":"Professor","tempoServico":1},
{"nome":"Manolo Rowdell","dataNascimento":"21/07/1991","profissao":"Policial","tempoServico":15},
{"nome":"Roderic Kestian","dataNascimento":"16/07/1987","profissao":"Professor","tempoServico":20},
{"nome":"Wain Sketch","dataNascimento":"18/01/1962","profissao":"Motorista","tempoServico":19},
{"nome":"Tully Melbury","dataNascimento":"18/08/1991","profissao":"Motorista","tempoServico":20},
{"nome":"Cori Habergham","dataNascimento":"10/08/1953","profissao":"Medico","tempoServico":17},
{"nome":"Dedra De Francisci","dataNascimento":"22/05/1957","profissao":"Motorista","tempoServico":18},
{"nome":"Jyoti Twinborough","dataNascimento":"26/12/1996","profissao":"Motorista","tempoServico":17},
{"nome":"Tripp Spon","dataNascimento":"02/09/1994","profissao":"Policial","tempoServico":22},
{"nome":"Illa Vuitte","dataNascimento":"30/05/1976","profissao":"Professor","tempoServico":20},
{"nome":"Libbi Nicholas","dataNascimento":"12/06/1981","profissao":"Medico","tempoServico":2},
{"nome":"Bernarr Charlewood","dataNascimento":"03/01/2002","profissao":"Professor","tempoServico":11},
{"nome":"Lanna Echlin","dataNascimento":"01/05/1968","profissao":"Motorista","tempoServico":16},
{"nome":"Daryl Speers","dataNascimento":"13/09/1951","profissao":"Policial","tempoServico":12},
{"nome":"Rocky Pietron","dataNascimento":"24/11/1960","profissao":"Professor","tempoServico":21},
{"nome":"Ryun Hargitt","dataNascimento":"01/08/1970","profissao":"Policial","tempoServico":12},
{"nome":"Krysta Lamprecht","dataNascimento":"14/02/1996","profissao":"Medico","tempoServico":4},
{"nome":"Jaclyn Reedick","dataNascimento":"12/03/1999","profissao":"Professor","tempoServico":25},
{"nome":"Irwinn O'Giany","dataNascimento":"15/02/2003","profissao":"Professor","tempoServico":1},
{"nome":"Ophelie MacAdam","dataNascimento":"20/11/1962","profissao":"Professor","tempoServico":12},
{"nome":"Don Ortner","dataNascimento":"26/08/1969","profissao":"Professor","tempoServico":25},
{"nome":"Misti Crosher","dataNascimento":"24/09/1955","profissao":"Medico","tempoServico":14},
{"nome":"Kristien Pert","dataNascimento":"05/11/1971","profissao":"Policial","tempoServico":16},
{"nome":"Gale Radolf","dataNascimento":"15/12/1992","profissao":"Professor","tempoServico":10},
{"nome":"Gard Aizlewood","dataNascimento":"23/04/1996","profissao":"Medico","tempoServico":19},
{"nome":"Ursulina Kitcher","dataNascimento":"28/05/1981","profissao":"Motorista","tempoServico":21},
{"nome":"Heida Frisch","dataNascimento":"02/06/1986","profissao":"Medico","tempoServico":22},
{"nome":"Wallache Klaes","dataNascimento":"19/01/1991","profissao":"Professor","tempoServico":5},
{"nome":"Gustavus Firidolfi","dataNascimento":"01/08/1999","profissao":"Medico","tempoServico":22},
{"nome":"Arluene McGeever","dataNascimento":"20/09/1963","profissao":"Policial","tempoServico":19},
{"nome":"Norton Ofield","dataNascimento":"26/07/1998","profissao":"Motorista","tempoServico":8},
{"nome":"Andros Nockles","dataNascimento":"11/07/1963","profissao":"Motorista","tempoServico":9},
{"nome":"Thibaut Dener","dataNascimento":"26/10/1999","profissao":"Policial","tempoServico":22},
{"nome":"Minne Pauleit","dataNascimento":"22/09/1993","profissao":"Policial","tempoServico":24},
{"nome":"Georgy Dewdeny","dataNascimento":"29/10/2002","profissao":"Medico","tempoServico":10},
{"nome":"Ruggiero Thurner","dataNascimento":"24/10/1961","profissao":"Policial","tempoServico":22},
{"nome":"Vern Carette","dataNascimento":"24/08/1972","profissao":"Medico","tempoServico":10},
{"nome":"Sandro Hawkeridge","dataNascimento":"24/06/2004","profissao":"Professor","tempoServico":6},
{"nome":"Thor Rylatt","dataNascimento":"22/01/1951","profissao":"Medico","tempoServico":4},
{"nome":"Don Foggarty","dataNascimento":"09/11/1994","profissao":"Motorista","tempoServico":15},
{"nome":"Haskel Jeger","dataNascimento":"25/04/1969","profissao":"Medico","tempoServico":19},
{"nome":"Ethe Augie","dataNascimento":"27/12/1979","profissao":"Motorista","tempoServico":7},
{"nome":"Ramon Doale","dataNascimento":"22/06/1950","profissao":"Motorista","tempoServico":2},
{"nome":"Danita Berling","dataNascimento":"20/05/1963","profissao":"Professor","tempoServico":12},
{"nome":"Thibaud Sushams","dataNascimento":"17/06/1967","profissao":"Motorista","tempoServico":20},
{"nome":"Leela Ranahan","dataNascimento":"31/03/1962","profissao":"Professor","tempoServico":9},
{"nome":"Crosby Sherwill","dataNascimento":"17/07/1997","profissao":"Motorista","tempoServico":11},
{"nome":"Abel Windridge","dataNascimento":"13/06/1969","profissao":"Motorista","tempoServico":19},
{"nome":"Roy Cockarill","dataNascimento":"28/09/1956","profissao":"Professor","tempoServico":22},
{"nome":"Dniren Rebillard","dataNascimento":"04/02/1964","profissao":"Medico","tempoServico":2},
{"nome":"Marlene Billson","dataNascimento":"02/06/1954","profissao":"Policial","tempoServico":7},
{"nome":"Dionis Vassall","dataNascimento":"26/08/1999","profissao":"Professor","tempoServico":17},
{"nome":"Olva Gelland","dataNascimento":"08/07/1966","profissao":"Policial","tempoServico":21},
{"nome":"Amber Bradie","dataNascimento":"23/08/2000","profissao":"Policial","tempoServico":7},
{"nome":"Gnni Simeon","dataNascimento":"25/04/1979","profissao":"Medico","tempoServico":11},
{"nome":"Hayes Swale","dataNascimento":"28/06/1979","profissao":"Policial","tempoServico":9},
{"nome":"Lief Capstick","dataNascimento":"31/01/1975","profissao":"Professor","tempoServico":3},
{"nome":"Tine Puller","dataNascimento":"08/11/1970","profissao":"Policial","tempoServico":3},
{"nome":"Arlin Baythrop","dataNascimento":"03/04/1998","profissao":"Motorista","tempoServico":24},
{"nome":"Darlene Sherar","dataNascimento":"09/11/1994","profissao":"Professor","tempoServico":4},
{"nome":"Petunia Siddle","dataNascimento":"07/06/1996","profissao":"Policial","tempoServico":12},
{"nome":"Rolland Dalrymple","dataNascimento":"21/09/1969","profissao":"Policial","tempoServico":8},
{"nome":"Valentine Dannatt","dataNascimento":"15/05/2002","profissao":"Policial","tempoServico":18},
{"nome":"Douglas Dodding","dataNascimento":"01/05/1999","profissao":"Professor","tempoServico":15},
{"nome":"Gan Bawdon","dataNascimento":"04/05/1952","profissao":"Professor","tempoServico":18},
{"nome":"Nicola Ferneley","dataNascimento":"17/01/1972","profissao":"Policial","tempoServico":1},
{"nome":"Chrystal Branche","dataNascimento":"09/04/1965","profissao":"Policial","tempoServico":2},
{"nome":"Stan Wells","dataNascimento":"19/07/1951","profissao":"Professor","tempoServico":10},
{"nome":"Ezequiel Bowbrick","dataNascimento":"07/05/1979","profissao":"Professor","tempoServico":16},
{"nome":"Dorena Spennock","dataNascimento":"05/11/1981","profissao":"Professor","tempoServico":11},
{"nome":"Miguel Ryam","dataNascimento":"26/01/1954","profissao":"Policial","tempoServico":14},
{"nome":"Wilma Perrygo","dataNascimento":"17/11/1988","profissao":"Medico","tempoServico":14},
{"nome":"Crissie Joinsey","dataNascimento":"19/05/1975","profissao":"Medico","tempoServico":6},
{"nome":"Stephen Thomassen","dataNascimento":"07/11/2004","profissao":"Policial","tempoServico":20},
{"nome":"Roshelle McKoy","dataNascimento":"03/10/1952","profissao":"Policial","tempoServico":4},
{"nome":"Angelia Worlock","dataNascimento":"23/11/1996","profissao":"Policial","tempoServico":11},
{"nome":"Merell Pensom","dataNascimento":"01/02/1965","profissao":"Professor","tempoServico":18},
{"nome":"Pryce McDowell","dataNascimento":"12/03/1962","profissao":"Policial","tempoServico":11},
{"nome":"Harbert Shorrock","dataNascimento":"21/05/1969","profissao":"Professor","tempoServico":3},
{"nome":"Jewelle Besset","dataNascimento":"30/08/1967","profissao":"Professor","tempoServico":5},
{"nome":"Irwin Fritschel","dataNascimento":"16/04/1990","profissao":"Motorista","tempoServico":2},
{"nome":"Quentin Pepys","dataNascimento":"14/08/1963","profissao":"Medico","tempoServico":20},
{"nome":"Dotti Haville","dataNascimento":"05/08/1989","profissao":"Medico","tempoServico":4},
{"nome":"Lacey Fanshawe","dataNascimento":"17/11/2002","profissao":"Professor","tempoServico":20},
{"nome":"Ruby Catling","dataNascimento":"16/10/1961","profissao":"Motorista","tempoServico":10},
{"nome":"Winny Klaiser","dataNascimento":"24/02/1959","profissao":"Professor","tempoServico":21},
{"nome":"Malinda Jenicek","dataNascimento":"03/11/1964","profissao":"Medico","tempoServico":18},
{"nome":"Andi Grenter","dataNascimento":"17/01/1968","profissao":"Policial","tempoServico":2},
{"nome":"Chiquita Arnely","dataNascimento":"27/04/1989","profissao":"Medico","tempoServico":6},
{"nome":"Philbert Clayborn","dataNascimento":"04/10/2003","profissao":"Policial","tempoServico":14},
{"nome":"Fanechka Sunley","dataNascimento":"23/01/1966","profissao":"Policial","tempoServico":9},
{"nome":"Benn Gumn","dataNascimento":"17/07/1978","profissao":"Professor","tempoServico":1},
{"nome":"Ethelyn Pablos","dataNascimento":"23/08/1982","profissao":"Motorista","tempoServico":1},
{"nome":"Emery Petchey","dataNascimento":"30/08/1964","profissao":"Professor","tempoServico":14},
{"nome":"Blithe Le Teve","dataNascimento":"04/11/1972","profissao":"Policial","tempoServico":1},
{"nome":"Jsandye O'Mohun","dataNascimento":"08/11/1966","profissao":"Policial","tempoServico":22},
{"nome":"Wenona Parris","dataNascimento":"21/12/1975","profissao":"Motorista","tempoServico":16},
{"nome":"Deeann Winspare","dataNascimento":"04/10/1985","profissao":"Professor","tempoServico":9},
{"nome":"Gaven Fullagar","dataNascimento":"10/10/2001","profissao":"Medico","tempoServico":24},
{"nome":"Gabriel Ginnell","dataNascimento":"03/08/1972","profissao":"Policial","tempoServico":16},
{"nome":"Quinta De Carolis","dataNascimento":"11/03/1981","profissao":"Policial","tempoServico":5},
{"nome":"Darcy McAster","dataNascimento":"17/10/1987","profissao":"Motorista","tempoServico":21},
{"nome":"Audrey Twigley","dataNascimento":"28/11/1986","profissao":"Policial","tempoServico":20},
{"nome":"Mickie Aucoate","dataNascimento":"07/04/1995","profissao":"Motorista","tempoServico":2},
{"nome":"Beauregard Dowd","dataNascimento":"14/07/1991","profissao":"Medico","tempoServico":9},
{"nome":"Herold Ibbitson","dataNascimento":"29/05/1994","profissao":"Professor","tempoServico":9},
{"nome":"Alfonso Sebrook","dataNascimento":"08/08/1969","profissao":"Professor","tempoServico":17},
{"nome":"Gerry Falkingham","dataNascimento":"19/06/1975","profissao":"Policial","tempoServico":25},
{"nome":"Cindelyn Schoffler","dataNascimento":"04/12/1992","profissao":"Medico","tempoServico":19},
{"nome":"Paulita Sperling","dataNascimento":"04/01/2003","profissao":"Medico","tempoServico":25},
{"nome":"Lezley Honniebal","dataNascimento":"27/02/1977","profissao":"Professor","tempoServico":4},
{"nome":"Walt O'Duggan","dataNascimento":"24/09/1972","profissao":"Motorista","tempoServico":23},
{"nome":"Manny Leworthy","dataNascimento":"11/10/1974","profissao":"Professor","tempoServico":10},
{"nome":"Haskel Roper","dataNascimento":"11/07/1978","profissao":"Professor","tempoServico":8},
{"nome":"Lurette Antcliffe","dataNascimento":"20/01/1966","profissao":"Medico","tempoServico":20},
{"nome":"Kizzie Blaschke","dataNascimento":"17/06/1996","profissao":"Medico","tempoServico":9},
{"nome":"Clarey Robic","dataNascimento":"23/08/1991","profissao":"Motorista","tempoServico":6},
{"nome":"Ilsa Llopis","dataNascimento":"27/05/1952","profissao":"Professor","tempoServico":11},
{"nome":"Ranee Simcoe","dataNascimento":"11/08/1992","profissao":"Professor","tempoServico":16},
{"nome":"Titus Kildahl","dataNascimento":"10/01/1980","profissao":"Policial","tempoServico":8},
{"nome":"Katrinka Domonkos","dataNascimento":"16/11/1953","profissao":"Policial","tempoServico":19},
{"nome":"Daryle Dorman","dataNascimento":"05/11/1978","profissao":"Professor","tempoServico":17},
{"nome":"Steward Binfield","dataNascimento":"08/07/1961","profissao":"Motorista","tempoServico":24},
{"nome":"Corrinne Seaborne","dataNascimento":"12/05/1995","profissao":"Medico","tempoServico":1},
{"nome":"Eugene Shimman","dataNascimento":"05/02/1979","profissao":"Motorista","tempoServico":25},
{"nome":"Richard Burnside","dataNascimento":"30/12/1963","profissao":"Policial","tempoServico":7},
{"nome":"Dee Tague","dataNascimento":"02/07/1987","profissao":"Motorista","tempoServico":9},
{"nome":"Homere Lamberton","dataNascimento":"01/04/2000","profissao":"Professor","tempoServico":5},
{"nome":"Paddy Garza","dataNascimento":"21/04/1998","profissao":"Medico","tempoServico":10},
{"nome":"Shel Tenant","dataNascimento":"11/05/1992","profissao":"Motorista","tempoServico":10},
{"nome":"Morganica de Najera","dataNascimento":"08/10/1968","profissao":"Policial","tempoServico":11},
{"nome":"Carolan Galer","dataNascimento":"26/10/1983","profissao":"Medico","tempoServico":25},
{"nome":"Barnett Hasty","dataNascimento":"14/08/1981","profissao":"Medico","tempoServico":18},
{"nome":"Adey Dysart","dataNascimento":"04/06/1958","profissao":"Professor","tempoServico":6},
{"nome":"Joela Ikins","dataNascimento":"05/01/1978","profissao":"Medico","tempoServico":11},
{"nome":"Bonita Hartrick","dataNascimento":"02/03/1955","profissao":"Professor","tempoServico":1},
{"nome":"Abeu Willgoss","dataNascimento":"06/11/1991","profissao":"Policial","tempoServico":8},
{"nome":"Cos Trainer","dataNascimento":"10/04/1986","profissao":"Policial","tempoServico":14},
{"nome":"Alexandr Gallo","dataNascimento":"09/11/1982","profissao":"Medico","tempoServico":10},
{"nome":"Jarrod Greed","dataNascimento":"31/05/1989","profissao":"Medico","tempoServico":25},
{"nome":"Almira Dive","dataNascimento":"09/05/1977","profissao":"Policial","tempoServico":16},
{"nome":"Lionel Fenimore","dataNascimento":"06/11/1991","profissao":"Professor","tempoServico":4},
{"nome":"Whitney Salliss","dataNascimento":"05/04/1959","profissao":"Professor","tempoServico":7},
{"nome":"Elberta Kembery","dataNascimento":"08/12/1995","profissao":"Policial","tempoServico":12},
{"nome":"Cozmo Secombe","dataNascimento":"06/08/1987","profissao":"Medico","tempoServico":22},
{"nome":"Clary Gretton","dataNascimento":"06/07/1993","profissao":"Professor","tempoServico":12},
{"nome":"Lyell Meiklejohn","dataNascimento":"16/09/1983","profissao":"Professor","tempoServico":12},
{"nome":"Westleigh Sandbatch","dataNascimento":"12/03/1957","profissao":"Medico","tempoServico":24},
{"nome":"Halimeda Sammars","dataNascimento":"22/01/2000","profissao":"Professor","tempoServico":25},
{"nome":"Olav McLaverty","dataNascimento":"22/09/1984","profissao":"Motorista","tempoServico":13},
{"nome":"Tiler Streeter","dataNascimento":"22/12/1969","profissao":"Policial","tempoServico":19},
{"nome":"Hollyanne Mardle","dataNascimento":"04/08/1976","profissao":"Policial","tempoServico":14},
{"nome":"Ingmar Chateau","dataNascimento":"13/09/2002","profissao":"Motorista","tempoServico":25},
{"nome":"Shermie Wellbeloved","dataNascimento":"03/02/1970","profissao":"Medico","tempoServico":16},
{"nome":"Daisy Brack","dataNascimento":"23/01/1977","profissao":"Medico","tempoServico":14},
{"nome":"Alva Danihelka","dataNascimento":"03/04/1978","profissao":"Policial","tempoServico":5},
{"nome":"Alisander Picheford","dataNascimento":"25/04/1957","profissao":"Motorista","tempoServico":16},
{"nome":"Fulvia McCleary","dataNascimento":"27/08/1988","profissao":"Medico","tempoServico":10},
{"nome":"Karil Ubsdell","dataNascimento":"20/09/1989","profissao":"Professor","tempoServico":22},
{"nome":"Bailie Camplejohn","dataNascimento":"28/12/1975","profissao":"Motorista","tempoServico":5},
{"nome":"Jessika Matei","dataNascimento":"06/04/1997","profissao":"Medico","tempoServico":20},
{"nome":"Alvis McRannell","dataNascimento":"25/05/1962","profissao":"Medico","tempoServico":10},
{"nome":"Ham Rupp","dataNascimento":"03/03/1979","profissao":"Motorista","tempoServico":4},
{"nome":"Dennet McCracken","dataNascimento":"10/01/1985","profissao":"Policial","tempoServico":1},
{"nome":"Giffard Worster","dataNascimento":"14/09/1951","profissao":"Policial","tempoServico":24},
{"nome":"Nola Gages","dataNascimento":"22/05/1962","profissao":"Professor","tempoServico":22},
{"nome":"Abey McEnteggart","dataNascimento":"06/06/1971","profissao":"Medico","tempoServico":3},
{"nome":"Dody Smallthwaite","dataNascimento":"04/06/1967","profissao":"Medico","tempoServico":4},
{"nome":"Sunny Maydwell","dataNascimento":"26/01/1951","profissao":"Professor","tempoServico":4},
{"nome":"Nichol Zelley","dataNascimento":"02/10/1981","profissao":"Professor","tempoServico":4},
{"nome":"Amandy Corter","dataNascimento":"03/08/1972","profissao":"Motorista","tempoServico":23},
{"nome":"Arda Rowlands","dataNascimento":"24/03/1998","profissao":"Professor","tempoServico":13},
{"nome":"Isaak Juschka","dataNascimento":"16/09/1985","profissao":"Policial","tempoServico":20},
{"nome":"Pernell Mennithorp","dataNascimento":"08/11/1993","profissao":"Policial","tempoServico":1},
{"nome":"Faunie Linnell","dataNascimento":"29/01/2000","profissao":"Professor","tempoServico":12},
{"nome":"Sargent Ferens","dataNascimento":"16/04/1999","profissao":"Motorista","tempoServico":4},
{"nome":"Petronella McMarquis","dataNascimento":"24/11/1963","profissao":"Medico","tempoServico":21},
{"nome":"Smith Cheyenne","dataNascimento":"22/11/1998","profissao":"Professor","tempoServico":4},
{"nome":"Ysabel Maskall","dataNascimento":"21/12/1991","profissao":"Policial","tempoServico":13},
{"nome":"Herc Mundee","dataNascimento":"04/11/1982","profissao":"Motorista","tempoServico":20},
{"nome":"Jeth Czajka","dataNascimento":"19/06/1951","profissao":"Professor","tempoServico":7},
{"nome":"Coreen Davydkov","dataNascimento":"14/09/1984","profissao":"Policial","tempoServico":14},
{"nome":"Richmond Senescall","dataNascimento":"10/06/1985","profissao":"Professor","tempoServico":18},
{"nome":"Jennette Mateu","dataNascimento":"09/09/1957","profissao":"Medico","tempoServico":23},
{"nome":"Jeth Sahlstrom","dataNascimento":"12/12/1992","profissao":"Policial","tempoServico":19},
{"nome":"Constantin Buttner","dataNascimento":"25/08/1984","profissao":"Medico","tempoServico":25},
{"nome":"Avery Mc Mechan","dataNascimento":"18/06/1997","profissao":"Professor","tempoServico":19},
{"nome":"Reagan Stainson","dataNascimento":"16/05/2003","profissao":"Professor","tempoServico":4},
{"nome":"Giselbert Mariner","dataNascimento":"28/08/1962","profissao":"Motorista","tempoServico":5},
{"nome":"Melesa Yexley","dataNascimento":"03/04/1952","profissao":"Motorista","tempoServico":18},
{"nome":"Bogey Bracco","dataNascimento":"26/01/1963","profissao":"Motorista","tempoServico":19},
{"nome":"Adelina Belward","dataNascimento":"12/11/1977","profissao":"Medico","tempoServico":5},
{"nome":"Delila Ickovici","dataNascimento":"21/04/1950","profissao":"Policial","tempoServico":3},
{"nome":"Ree Buckingham","dataNascimento":"24/11/1993","profissao":"Policial","tempoServico":10},
{"nome":"Ewart Dilliway","dataNascimento":"04/04/1961","profissao":"Policial","tempoServico":12},
{"nome":"Veronika Blaxter","dataNascimento":"05/03/1958","profissao":"Motorista","tempoServico":11},
{"nome":"Bay Fysh","dataNascimento":"29/10/1995","profissao":"Medico","tempoServico":3},
{"nome":"Leia Hanbridge","dataNascimento":"29/03/1982","profissao":"Professor","tempoServico":25},
{"nome":"Andrej Gofton","dataNascimento":"28/03/1973","profissao":"Professor","tempoServico":14},
{"nome":"Killy Iozefovich","dataNascimento":"21/01/1970","profissao":"Medico","tempoServico":20},
{"nome":"Cilka Waye","dataNascimento":"13/09/1951","profissao":"Medico","tempoServico":24},
{"nome":"Anselm Clerk","dataNascimento":"29/10/1989","profissao":"Medico","tempoServico":19},
{"nome":"Basilius Airs","dataNascimento":"10/04/1986","profissao":"Professor","tempoServico":2},
{"nome":"Tabb Flasby","dataNascimento":"30/09/1983","profissao":"Medico","tempoServico":25},
{"nome":"Genna Bott","dataNascimento":"05/08/1972","profissao":"Medico","tempoServico":23},
{"nome":"Anna-diana Burgwyn","dataNascimento":"23/09/1969","profissao":"Professor","tempoServico":6},
{"nome":"Cassandry Rackam","dataNascimento":"06/03/1984","profissao":"Professor","tempoServico":8},
{"nome":"Robbyn Saffran","dataNascimento":"22/06/1955","profissao":"Motorista","tempoServico":22},
{"nome":"Dorris Simioli","dataNascimento":"01/01/1987","profissao":"Motorista","tempoServico":4},
{"nome":"Garreth Zellick","dataNascimento":"07/03/1996","profissao":"Motorista","tempoServico":19},
{"nome":"Reube Bolding","dataNascimento":"31/12/1983","profissao":"Medico","tempoServico":17},
{"nome":"Noel L' Estrange","dataNascimento":"06/10/1953","profissao":"Professor","tempoServico":6},
{"nome":"Tiffi Gosford","dataNascimento":"30/07/1985","profissao":"Professor","tempoServico":20},
{"nome":"Margie Halloway","dataNascimento":"22/10/1992","profissao":"Professor","tempoServico":5},
{"nome":"Wye Easterbrook","dataNascimento":"20/03/1997","profissao":"Policial","tempoServico":4},
{"nome":"Teddie Hoofe","dataNascimento":"21/05/1981","profissao":"Policial","tempoServico":3},
{"nome":"Cob Redsell","dataNascimento":"22/03/1957","profissao":"Medico","tempoServico":6},
{"nome":"Hildegaard Maureen","dataNascimento":"27/11/1981","profissao":"Medico","tempoServico":23},
{"nome":"Jaine Patifield","dataNascimento":"11/03/1979","profissao":"Motorista","tempoServico":11},
{"nome":"Shurwood Nevill","dataNascimento":"28/04/1955","profissao":"Professor","tempoServico":22},
{"nome":"Janeta Rowlett","dataNascimento":"02/06/1986","profissao":"Professor","tempoServico":17},
{"nome":"Antony Pimerick","dataNascimento":"08/08/1990","profissao":"Medico","tempoServico":4},
{"nome":"Rutter Sperling","dataNascimento":"12/11/2001","profissao":"Policial","tempoServico":10},
{"nome":"Trude Fludder","dataNascimento":"14/07/2001","profissao":"Medico","tempoServico":1},
{"nome":"Carri Dugmore","dataNascimento":"06/10/1996","profissao":"Motorista","tempoServico":25},
{"nome":"Tybalt Sazio","dataNascimento":"12/11/1994","profissao":"Motorista","tempoServico":9},
{"nome":"Sabrina Kirley","dataNascimento":"12/04/1961","profissao":"Medico","tempoServico":22},
{"nome":"Matthus Mc Meekin","dataNascimento":"05/08/1999","profissao":"Motorista","tempoServico":6},
{"nome":"Cherida Dureden","dataNascimento":"08/01/1993","profissao":"Professor","tempoServico":18},
{"nome":"Jeremiah MacSherry","dataNascimento":"07/09/1954","profissao":"Policial","tempoServico":23},
{"nome":"Ainslee Reynalds","dataNascimento":"17/04/2004","profissao":"Motorista","tempoServico":14},
{"nome":"Guinna Concklin","dataNascimento":"30/05/1962","profissao":"Medico","tempoServico":21},
{"nome":"Roxie Tapp","dataNascimento":"24/06/1971","profissao":"Professor","tempoServico":18},
{"nome":"Sarena Dirkin","dataNascimento":"11/12/1955","profissao":"Motorista","tempoServico":17},
{"nome":"Almeta Abdey","dataNascimento":"16/05/1975","profissao":"Professor","tempoServico":7},
{"nome":"Keane Hyams","dataNascimento":"14/07/1961","profissao":"Policial","tempoServico":1},
{"nome":"Selinda Towe","dataNascimento":"14/09/1995","profissao":"Policial","tempoServico":25},
{"nome":"Jo ann Lynagh","dataNascimento":"21/01/2001","profissao":"Professor","tempoServico":16},
{"nome":"Rosalind Bolley","dataNascimento":"25/09/2002","profissao":"Professor","tempoServico":24},
{"nome":"Juanita Besant","dataNascimento":"10/10/1980","profissao":"Medico","tempoServico":7},
{"nome":"Gus Tynewell","dataNascimento":"11/05/1951","profissao":"Professor","tempoServico":1},
{"nome":"Davidde Tremblay","dataNascimento":"28/09/1980","profissao":"Medico","tempoServico":13},
{"nome":"Cesare Stuer","dataNascimento":"23/12/1997","profissao":"Policial","tempoServico":24},
{"nome":"Sasha Thackray","dataNascimento":"12/05/1962","profissao":"Policial","tempoServico":3},
{"nome":"Wesley Flawith","dataNascimento":"20/05/1984","profissao":"Medico","tempoServico":6},
{"nome":"Cher Vanderplas","dataNascimento":"14/10/1964","profissao":"Motorista","tempoServico":16},
{"nome":"Dore Jeffels","dataNascimento":"25/10/1980","profissao":"Motorista","tempoServico":7},
{"nome":"Steffen Alliberton","dataNascimento":"08/01/1956","profissao":"Motorista","tempoServico":4},
{"nome":"Cordie Tummasutti","dataNascimento":"09/07/1997","profissao":"Policial","tempoServico":22},
{"nome":"Bernadina Meredith","dataNascimento":"28/12/1979","profissao":"Medico","tempoServico":10},
{"nome":"Andie Murrison","dataNascimento":"23/12/1996","profissao":"Motorista","tempoServico":8},
{"nome":"Kristofer Trowsdale","dataNascimento":"09/10/1990","profissao":"Professor","tempoServico":18},
{"nome":"Raphaela Pioch","dataNascimento":"25/07/1982","profissao":"Professor","tempoServico":20},
{"nome":"Robbin Tither","dataNascimento":"12/11/1979","profissao":"Policial","tempoServico":12},
{"nome":"Kylila Durante","dataNascimento":"17/02/2002","profissao":"Policial","tempoServico":24},
{"nome":"Seamus Coventon","dataNascimento":"05/05/2003","profissao":"Policial","tempoServico":9},
{"nome":"Hinze Murdoch","dataNascimento":"10/11/1987","profissao":"Professor","tempoServico":2},
{"nome":"Enoch Bruinsma","dataNascimento":"21/11/1995","profissao":"Medico","tempoServico":7},
{"nome":"Arabella Mistry","dataNascimento":"05/09/1999","profissao":"Medico","tempoServico":8},
{"nome":"Lyndell Rodenburg","dataNascimento":"11/08/1992","profissao":"Medico","tempoServico":24},
{"nome":"Iain Woltman","dataNascimento":"26/11/1970","profissao":"Motorista","tempoServico":6},
{"nome":"Alanna Cauthra","dataNascimento":"07/12/1959","profissao":"Medico","tempoServico":7},
{"nome":"Bartholomeus Kennewell","dataNascimento":"27/05/1999","profissao":"Motorista","tempoServico":5},
{"nome":"Bernhard Menguy","dataNascimento":"17/07/1995","profissao":"Policial","tempoServico":2},
{"nome":"Karlan Tunnicliffe","dataNascimento":"11/12/1971","profissao":"Professor","tempoServico":12},
{"nome":"Adelle Harkness","dataNascimento":"27/01/1964","profissao":"Medico","tempoServico":17},
{"nome":"Bartholomeus Fetteplace","dataNascimento":"27/01/1957","profissao":"Professor","tempoServico":18},
{"nome":"Jessalyn Iacovuzzi","dataNascimento":"17/09/1977","profissao":"Policial","tempoServico":11},
{"nome":"Mechelle Pargetter","dataNascimento":"29/12/1984","profissao":"Motorista","tempoServico":6},
{"nome":"Leland Deaville","dataNascimento":"26/02/1964","profissao":"Medico","tempoServico":12},
{"nome":"Jayne Anselmi","dataNascimento":"28/08/1960","profissao":"Policial","tempoServico":25},
{"nome":"Francis Lattimore","dataNascimento":"22/05/1967","profissao":"Medico","tempoServico":15},
{"nome":"Clive MacBrearty","dataNascimento":"02/05/1991","profissao":"Motorista","tempoServico":13},
{"nome":"Caritta McGrirl","dataNascimento":"11/01/1997","profissao":"Motorista","tempoServico":20},
{"nome":"Arte Tsar","dataNascimento":"10/02/1999","profissao":"Motorista","tempoServico":4},
{"nome":"Rhetta MacVanamy","dataNascimento":"29/05/1955","profissao":"Policial","tempoServico":10},
{"nome":"Noby Rumbold","dataNascimento":"25/05/1975","profissao":"Motorista","tempoServico":8},
{"nome":"Franky Trendle","dataNascimento":"23/12/1990","profissao":"Medico","tempoServico":20},
{"nome":"Leigh Leal","dataNascimento":"15/08/1981","profissao":"Professor","tempoServico":6},
{"nome":"Burnard Goldhawk","dataNascimento":"21/01/1977","profissao":"Policial","tempoServico":19},
{"nome":"Kenny Crannage","dataNascimento":"14/07/1961","profissao":"Policial","tempoServico":7},
{"nome":"Mariana O'Roan","dataNascimento":"11/04/1972","profissao":"Policial","tempoServico":13},
{"nome":"Corabelle Reeks","dataNascimento":"07/02/1988","profissao":"Professor","tempoServico":25},
{"nome":"Gabriel MacEnelly","dataNascimento":"22/12/1979","profissao":"Policial","tempoServico":4},
{"nome":"Gallagher Ogilvie","dataNascimento":"12/06/1982","profissao":"Professor","tempoServico":7},
{"nome":"Carly Alderwick","dataNascimento":"05/01/1973","profissao":"Medico","tempoServico":7},
{"nome":"Balduin Wynett","dataNascimento":"24/08/1953","profissao":"Medico","tempoServico":6},
{"nome":"Julian Worral","dataNascimento":"23/06/1998","profissao":"Motorista","tempoServico":11},
{"nome":"Sydney Ceaser","dataNascimento":"09/05/2002","profissao":"Medico","tempoServico":17},
{"nome":"Prissie Bogaert","dataNascimento":"19/05/1960","profissao":"Professor","tempoServico":21},
{"nome":"Sanderson Kettel","dataNascimento":"11/11/1992","profissao":"Medico","tempoServico":13},
{"nome":"Humfried Allso","dataNascimento":"09/06/1977","profissao":"Policial","tempoServico":3},
{"nome":"Adrian Izkovitch","dataNascimento":"20/03/1981","profissao":"Motorista","tempoServico":7},
{"nome":"Florrie Warren","dataNascimento":"02/12/1967","profissao":"Policial","tempoServico":3},
{"nome":"Kaiser Goddert.sf","dataNascimento":"26/11/2003","profissao":"Motorista","tempoServico":10},
{"nome":"Hersh Thorwarth","dataNascimento":"12/01/1965","profissao":"Motorista","tempoServico":7},
{"nome":"Willa Canwell","dataNascimento":"26/10/1982","profissao":"Policial","tempoServico":24},
{"nome":"Lorine MacKay","dataNascimento":"31/03/1979","profissao":"Medico","tempoServico":22},
{"nome":"Eloisa Nowakowski","dataNascimento":"04/11/1989","profissao":"Motorista","tempoServico":4},
{"nome":"Eugene Gerardin","dataNascimento":"22/12/1997","profissao":"Policial","tempoServico":9},
{"nome":"Arline McHenry","dataNascimento":"23/02/1952","profissao":"Motorista","tempoServico":6},
{"nome":"Berk Duffin","dataNascimento":"30/12/1979","profissao":"Medico","tempoServico":5},
{"nome":"Effie Skull","dataNascimento":"24/06/1980","profissao":"Policial","tempoServico":6},
{"nome":"Nanine Gready","dataNascimento":"21/08/1986","profissao":"Motorista","tempoServico":5},
{"nome":"Audie O'Reilly","dataNascimento":"26/01/1980","profissao":"Medico","tempoServico":23},
{"nome":"Ax Gringley","dataNascimento":"14/09/1984","profissao":"Motorista","tempoServico":8},
{"nome":"Fulton Allmark","dataNascimento":"02/01/1992","profissao":"Professor","tempoServico":23},
{"nome":"Fields Lagneaux","dataNascimento":"22/10/1993","profissao":"Policial","tempoServico":23},
{"nome":"Gerrard Oertzen","dataNascimento":"18/01/1959","profissao":"Medico","tempoServico":1},
{"nome":"Mendie Gianasi","dataNascimento":"01/05/1961","profissao":"Medico","tempoServico":23},
{"nome":"Morton Decker","dataNascimento":"24/11/1965","profissao":"Medico","tempoServico":22},
{"nome":"Nikolai Shoreson","dataNascimento":"10/07/1970","profissao":"Medico","tempoServico":14},
{"nome":"Granville Roddan","dataNascimento":"27/10/1969","profissao":"Policial","tempoServico":1},
{"nome":"Amandie Fildes","dataNascimento":"12/01/1957","profissao":"Medico","tempoServico":19},
{"nome":"Jacquie Peele","dataNascimento":"21/11/1965","profissao":"Policial","tempoServico":12},
{"nome":"Powell Beckinsall","dataNascimento":"03/11/1988","profissao":"Professor","tempoServico":19},
{"nome":"Brice Marfell","dataNascimento":"22/01/1976","profissao":"Policial","tempoServico":1},
{"nome":"Mervin Jirsa","dataNascimento":"22/05/2001","profissao":"Professor","tempoServico":10},
{"nome":"Mattias Halleybone","dataNascimento":"03/11/1981","profissao":"Medico","tempoServico":20},
{"nome":"Pauli Padgham","dataNascimento":"05/12/1964","profissao":"Motorista","tempoServico":16},
{"nome":"Elie Romans","dataNascimento":"07/02/1956","profissao":"Policial","tempoServico":6},
{"nome":"Bondy Lawrance","dataNascimento":"05/05/1989","profissao":"Policial","tempoServico":3},
{"nome":"Ignaz Jeness","dataNascimento":"03/08/2001","profissao":"Professor","tempoServico":25},
{"nome":"Vikki McTeague","dataNascimento":"13/06/1953","profissao":"Motorista","tempoServico":19},
{"nome":"Larissa Twigg","dataNascimento":"23/02/1986","profissao":"Professor","tempoServico":13},
{"nome":"Wilek McElvine","dataNascimento":"13/11/1981","profissao":"Policial","tempoServico":2},
{"nome":"Saree Bachelor","dataNascimento":"23/12/2000","profissao":"Motorista","tempoServico":2},
{"nome":"Neely Tayspell","dataNascimento":"15/08/1952","profissao":"Professor","tempoServico":2},
{"nome":"Mill Wharton","dataNascimento":"02/02/1997","profissao":"Professor","tempoServico":12},
{"nome":"Guilbert Bittlestone","dataNascimento":"03/07/1985","profissao":"Motorista","tempoServico":3},
{"nome":"Halsey Cluet","dataNascimento":"23/09/1955","profissao":"Professor","tempoServico":1},
{"nome":"Godwin Caesman","dataNascimento":"19/01/1959","profissao":"Medico","tempoServico":21},
{"nome":"Sidonia Houlden","dataNascimento":"13/07/1970","profissao":"Professor","tempoServico":2},
{"nome":"Terza Voisey","dataNascimento":"27/06/1968","profissao":"Policial","tempoServico":13},
{"nome":"Godfrey Healeas","dataNascimento":"04/04/1975","profissao":"Professor","tempoServico":10},
{"nome":"Isador Lamburn","dataNascimento":"15/09/1993","profissao":"Medico","tempoServico":19},
{"nome":"Trixie Whines","dataNascimento":"21/06/1952","profissao":"Policial","tempoServico":17},
{"nome":"Janine Andreone","dataNascimento":"29/12/1980","profissao":"Medico","tempoServico":23},
{"nome":"Herb Tinmouth","dataNascimento":"17/02/1963","profissao":"Professor","tempoServico":18},
{"nome":"Burke Curbishley","dataNascimento":"02/09/1989","profissao":"Professor","tempoServico":11},
{"nome":"Holli Dimitresco","dataNascimento":"12/08/1975","profissao":"Motorista","tempoServico":2},
{"nome":"Bartholomeus Compton","dataNascimento":"24/04/1968","profissao":"Motorista","tempoServico":14},
{"nome":"Arel Kynastone","dataNascimento":"16/11/1993","profissao":"Policial","tempoServico":15},
{"nome":"Fran Thring","dataNascimento":"03/10/1961","profissao":"Motorista","tempoServico":17},
{"nome":"Gretal Dederick","dataNascimento":"26/05/1988","profissao":"Policial","tempoServico":24},
{"nome":"Martelle Pfiffer","dataNascimento":"29/04/1995","profissao":"Professor","tempoServico":10},
{"nome":"Monah Heild","dataNascimento":"23/05/1959","profissao":"Professor","tempoServico":16},
{"nome":"Mathilda Antusch","dataNascimento":"08/11/1959","profissao":"Medico","tempoServico":24},
{"nome":"Elisha Valenta","dataNascimento":"12/08/1990","profissao":"Professor","tempoServico":21},
{"nome":"Emmi Sinney","dataNascimento":"16/04/1983","profissao":"Motorista","tempoServico":11},
{"nome":"Dieter Tipens","dataNascimento":"05/10/1987","profissao":"Motorista","tempoServico":9},
{"nome":"Thornton Milmore","dataNascimento":"09/02/1995","profissao":"Policial","tempoServico":13},
{"nome":"Trstram McKillop","dataNascimento":"08/11/1954","profissao":"Medico","tempoServico":23},
{"nome":"Mari M'cowis","dataNascimento":"11/03/1979","profissao":"Motorista","tempoServico":15},
{"nome":"Loise Seawright","dataNascimento":"06/04/1988","profissao":"Policial","tempoServico":8},
{"nome":"Kirstyn Messitt","dataNascimento":"24/06/1989","profissao":"Professor","tempoServico":18},
{"nome":"Chloette Atterley","dataNascimento":"18/02/1971","profissao":"Motorista","tempoServico":15},
{"nome":"Michaeline Gavagan","dataNascimento":"15/09/1954","profissao":"Medico","tempoServico":24},
{"nome":"Tades Oselton","dataNascimento":"14/09/1987","profissao":"Medico","tempoServico":21},
{"nome":"Jacky Rigate","dataNascimento":"19/10/1982","profissao":"Medico","tempoServico":8},
{"nome":"Linell Staneland","dataNascimento":"09/12/1973","profissao":"Motorista","tempoServico":13},
{"nome":"Tremaine Bygraves","dataNascimento":"16/01/2004","profissao":"Motorista","tempoServico":14},
{"nome":"Daryn Boldt","dataNascimento":"18/05/1950","profissao":"Medico","tempoServico":2},
{"nome":"Alec Kayser","dataNascimento":"09/03/1996","profissao":"Policial","tempoServico":21},
{"nome":"Cirstoforo Dollard","dataNascimento":"12/06/1971","profissao":"Medico","tempoServico":16},
{"nome":"Cleve Sazio","dataNascimento":"10/01/1972","profissao":"Medico","tempoServico":3},
{"nome":"Vick Scurry","dataNascimento":"13/03/1980","profissao":"Medico","tempoServico":24},
{"nome":"Lenci Sleeford","dataNascimento":"02/06/1959","profissao":"Medico","tempoServico":6},
{"nome":"Karil Groom","dataNascimento":"06/06/1998","profissao":"Policial","tempoServico":9},
{"nome":"Appolonia Pickford","dataNascimento":"18/08/1956","profissao":"Motorista","tempoServico":23},
{"nome":"Latia Bridgeman","dataNascimento":"12/07/1956","profissao":"Professor","tempoServico":18},
{"nome":"Hillel Patise","dataNascimento":"13/08/1974","profissao":"Policial","tempoServico":21},
{"nome":"Sandro Dommersen","dataNascimento":"18/04/1973","profissao":"Medico","tempoServico":23},
{"nome":"Theresa Connock","dataNascimento":"24/05/1991","profissao":"Medico","tempoServico":23},
{"nome":"Druci MacTrustrie","dataNascimento":"03/02/1976","profissao":"Policial","tempoServico":14},
{"nome":"Nils Branscombe","dataNascimento":"13/08/1982","profissao":"Policial","tempoServico":1},
{"nome":"Madelyn Durrad","dataNascimento":"12/02/1994","profissao":"Motorista","tempoServico":14},
{"nome":"Daile Shout","dataNascimento":"19/12/1987","profissao":"Medico","tempoServico":14},
{"nome":"Dionis Mellodey","dataNascimento":"25/08/1991","profissao":"Policial","tempoServico":21},
{"nome":"Eleni Oade","dataNascimento":"08/04/2004","profissao":"Professor","tempoServico":14},
{"nome":"Rutherford Cecely","dataNascimento":"11/03/1993","profissao":"Medico","tempoServico":16},
{"nome":"Marianne Cadagan","dataNascimento":"07/01/1980","profissao":"Motorista","tempoServico":19},
{"nome":"Luciana Morad","dataNascimento":"26/08/1953","profissao":"Motorista","tempoServico":25},
{"nome":"Tito Coffin","dataNascimento":"19/01/1957","profissao":"Motorista","tempoServico":6},
{"nome":"Penny Zealy","dataNascimento":"04/03/1967","profissao":"Policial","tempoServico":4},
{"nome":"Roz Moorfield","dataNascimento":"20/06/1967","profissao":"Motorista","tempoServico":7},
{"nome":"Justen Orrill","dataNascimento":"30/04/2004","profissao":"Motorista","tempoServico":23},
{"nome":"Antonietta Gossage","dataNascimento":"07/03/1963","profissao":"Motorista","tempoServico":12},
{"nome":"Hadley Bouller","dataNascimento":"30/12/1976","profissao":"Professor","tempoServico":15},
{"nome":"Evangelia Elintune","dataNascimento":"24/12/1984","profissao":"Medico","tempoServico":9},
{"nome":"Janis Landers","dataNascimento":"24/09/2004","profissao":"Medico","tempoServico":1},
{"nome":"Marcile Blackaller","dataNascimento":"02/01/1982","profissao":"Medico","tempoServico":4},
{"nome":"Chelsey Seville","dataNascimento":"01/11/2003","profissao":"Professor","tempoServico":2},
{"nome":"Mella Shrieve","dataNascimento":"27/06/1988","profissao":"Motorista","tempoServico":5},
{"nome":"Wright Faragan","dataNascimento":"14/01/1968","profissao":"Medico","tempoServico":4},
{"nome":"Ferrell Fewings","dataNascimento":"18/06/1959","profissao":"Policial","tempoServico":17},
{"nome":"Tomasina Hollindale","dataNascimento":"25/12/1993","profissao":"Medico","tempoServico":25},
{"nome":"Tarra Reuss","dataNascimento":"02/03/1985","profissao":"Medico","tempoServico":9},
{"nome":"Donia Utting","dataNascimento":"09/11/1958","profissao":"Motorista","tempoServico":14},
{"nome":"Ad Okker","dataNascimento":"12/06/1961","profissao":"Motorista","tempoServico":9},
{"nome":"Parnell Elvidge","dataNascimento":"30/12/1966","profissao":"Medico","tempoServico":24},
{"nome":"Winn MacPhaden","dataNascimento":"03/05/1972","profissao":"Medico","tempoServico":3},
{"nome":"Alexandra Dyne","dataNascimento":"26/09/1987","profissao":"Professor","tempoServico":21},
{"nome":"Leyla Grealy","dataNascimento":"01/08/1953","profissao":"Policial","tempoServico":24},
{"nome":"Mohandas Lawling","dataNascimento":"26/05/1969","profissao":"Policial","tempoServico":9},
{"nome":"Lelah Janoschek","dataNascimento":"28/04/1972","profissao":"Professor","tempoServico":10},
{"nome":"Tobin Flaherty","dataNascimento":"20/01/2003","profissao":"Medico","tempoServico":13},
{"nome":"Cosmo Lindsley","dataNascimento":"16/04/1972","profissao":"Motorista","tempoServico":22},
{"nome":"Idell Stockle","dataNascimento":"27/01/1991","profissao":"Professor","tempoServico":6},
{"nome":"Ashlee Duffer","dataNascimento":"16/11/1983","profissao":"Policial","tempoServico":14},
{"nome":"Ilse Gaynesford","dataNascimento":"13/03/1965","profissao":"Policial","tempoServico":6},
{"nome":"Gillan Shovlin","dataNascimento":"04/04/1998","profissao":"Medico","tempoServico":19},
{"nome":"Galvin Nanni","dataNascimento":"08/06/1950","profissao":"Medico","tempoServico":6},
{"nome":"Roxanne Besnardeau","dataNascimento":"05/09/1960","profissao":"Motorista","tempoServico":8},
{"nome":"Franz Colmore","dataNascimento":"15/05/1980","profissao":"Medico","tempoServico":15},
{"nome":"Theodosia Worvill","dataNascimento":"11/02/2002","profissao":"Professor","tempoServico":25},
{"nome":"Esme Baine","dataNascimento":"08/08/1996","profissao":"Professor","tempoServico":25},
{"nome":"Violetta Charlo","dataNascimento":"16/08/1967","profissao":"Professor","tempoServico":15},
{"nome":"Blinny Elcoat","dataNascimento":"20/10/1975","profissao":"Motorista","tempoServico":21},
{"nome":"Oliver Matuskiewicz","dataNascimento":"19/11/1963","profissao":"Medico","tempoServico":25},
{"nome":"Binny Hars","dataNascimento":"28/07/1991","profissao":"Policial","tempoServico":22},
{"nome":"Brande Jerisch","dataNascimento":"28/07/1968","profissao":"Motorista","tempoServico":18},
{"nome":"Linnie Leahair","dataNascimento":"15/08/1960","profissao":"Medico","tempoServico":23},
{"nome":"Willette Rubinovici","dataNascimento":"17/05/1983","profissao":"Professor","tempoServico":11},
{"nome":"Curcio Whardley","dataNascimento":"20/06/1953","profissao":"Motorista","tempoServico":12},
{"nome":"Hanan Cresar","dataNascimento":"20/01/1998","profissao":"Professor","tempoServico":12},
{"nome":"Augustin Rutledge","dataNascimento":"22/10/1999","profissao":"Policial","tempoServico":1},
{"nome":"Loni Tesoe","dataNascimento":"27/08/1984","profissao":"Medico","tempoServico":15},
{"nome":"Salem Spare","dataNascimento":"18/07/1983","profissao":"Medico","tempoServico":21},
{"nome":"Kris Leon","dataNascimento":"20/09/1954","profissao":"Professor","tempoServico":12},
{"nome":"Avram Goodwyn","dataNascimento":"17/03/1980","profissao":"Motorista","tempoServico":2},
{"nome":"Dyane Toynbee","dataNascimento":"14/07/1972","profissao":"Policial","tempoServico":23},
{"nome":"Monica Surguine","dataNascimento":"02/03/1986","profissao":"Medico","tempoServico":5},
{"nome":"Way Vowels","dataNascimento":"12/10/1997","profissao":"Motorista","tempoServico":10},
{"nome":"Marvin Todaro","dataNascimento":"07/09/2000","profissao":"Medico","tempoServico":19},
{"nome":"Herby McGeachie","dataNascimento":"19/08/1998","profissao":"Policial","tempoServico":12},
{"nome":"Klaus Bellchamber","dataNascimento":"28/08/1982","profissao":"Policial","tempoServico":24},
{"nome":"Jillayne Girardi","dataNascimento":"25/08/1963","profissao":"Professor","tempoServico":8},
{"nome":"Coriss Rosenau","dataNascimento":"06/02/1953","profissao":"Medico","tempoServico":7},
{"nome":"Yehudit Gonsalvez","dataNascimento":"18/10/1999","profissao":"Policial","tempoServico":2},
{"nome":"Danna Nottingham","dataNascimento":"20/06/1993","profissao":"Motorista","tempoServico":11},
{"nome":"Cathryn Shirt","dataNascimento":"30/07/1983","profissao":"Motorista","tempoServico":25},
{"nome":"Basilius Blannin","dataNascimento":"15/04/1990","profissao":"Motorista","tempoServico":3},
{"nome":"Estrellita Kopecka","dataNascimento":"22/02/1974","profissao":"Professor","tempoServico":19},
{"nome":"Jayme MacCauley","dataNascimento":"30/01/1977","profissao":"Policial","tempoServico":24},
{"nome":"Alecia Gardiner","dataNascimento":"13/12/2002","profissao":"Medico","tempoServico":5},
{"nome":"Berrie Rays","dataNascimento":"28/04/1959","profissao":"Medico","tempoServico":13},
{"nome":"Desiree Yurchishin","dataNascimento":"26/07/1956","profissao":"Professor","tempoServico":20},
{"nome":"Hallie Noury","dataNascimento":"05/03/1969","profissao":"Medico","tempoServico":15},
{"nome":"Dianne Keast","dataNascimento":"08/04/1996","profissao":"Professor","tempoServico":24},
{"nome":"Raye Sayre","dataNascimento":"26/04/1964","profissao":"Medico","tempoServico":16},
{"nome":"Durand Labadini","dataNascimento":"06/07/1958","profissao":"Professor","tempoServico":14},
{"nome":"Boone Sollom","dataNascimento":"27/10/1973","profissao":"Professor","tempoServico":1},
{"nome":"Debby Agastina","dataNascimento":"04/03/1959","profissao":"Motorista","tempoServico":15},
{"nome":"Sharai Plak","dataNascimento":"25/12/1981","profissao":"Policial","tempoServico":5},
{"nome":"Keenan Braddick","dataNascimento":"17/06/1979","profissao":"Policial","tempoServico":17},
{"nome":"Stanley Bretton","dataNascimento":"01/03/1966","profissao":"Motorista","tempoServico":10},
{"nome":"Edyth Fumagalli","dataNascimento":"01/11/1988","profissao":"Policial","tempoServico":8},
{"nome":"Filippa Girardi","dataNascimento":"28/02/1961","profissao":"Professor","tempoServico":8},
{"nome":"Emery Hugonneau","dataNascimento":"08/03/1993","profissao":"Professor","tempoServico":19},
{"nome":"Maury Baynard","dataNascimento":"19/01/1993","profissao":"Medico","tempoServico":24},
{"nome":"Bernard Newing","dataNascimento":"16/05/1988","profissao":"Policial","tempoServico":8},
{"nome":"Sharona Buzza","dataNascimento":"23/09/1973","profissao":"Medico","tempoServico":11},
{"nome":"Orson McLaughlin","dataNascimento":"15/01/1976","profissao":"Policial","tempoServico":24},
{"nome":"Itch Trewhela","dataNascimento":"14/12/1969","profissao":"Motorista","tempoServico":9},
{"nome":"Rivy Stuer","dataNascimento":"04/09/1959","profissao":"Medico","tempoServico":11},
{"nome":"Erda MacIlhagga","dataNascimento":"29/12/1962","profissao":"Professor","tempoServico":10},
{"nome":"Allis Sybe","dataNascimento":"28/10/1967","profissao":"Professor","tempoServico":25},
{"nome":"Georgetta Syde","dataNascimento":"14/03/1958","profissao":"Professor","tempoServico":14},
{"nome":"Krishna Dummigan","dataNascimento":"21/07/1951","profissao":"Policial","tempoServico":12},
{"nome":"Keefe Gibbieson","dataNascimento":"16/12/1967","profissao":"Policial","tempoServico":16},
{"nome":"Kippie Cuthbertson","dataNascimento":"14/10/1980","profissao":"Professor","tempoServico":14},
{"nome":"Cassie Kilmary","dataNascimento":"20/05/1974","profissao":"Professor","tempoServico":21},
{"nome":"Shawnee Quartermaine","dataNascimento":"14/06/1979","profissao":"Policial","tempoServico":11},
{"nome":"Blinny Linley","dataNascimento":"07/08/1976","profissao":"Medico","tempoServico":6},
{"nome":"Lancelot Roussell","dataNascimento":"02/05/1967","profissao":"Medico","tempoServico":6},
{"nome":"Cristie Tzarkov","dataNascimento":"04/07/1980","profissao":"Policial","tempoServico":1},
{"nome":"Sonny Poe","dataNascimento":"20/08/1998","profissao":"Professor","tempoServico":3},
{"nome":"Lock Glossup","dataNascimento":"30/12/1964","profissao":"Motorista","tempoServico":12},
{"nome":"Jarib MacAlister","dataNascimento":"03/10/1960","profissao":"Policial","tempoServico":8},
{"nome":"Ketti Trippick","dataNascimento":"24/09/1987","profissao":"Motorista","tempoServico":15},
{"nome":"Hailey Siddele","dataNascimento":"01/12/1998","profissao":"Medico","tempoServico":24},
{"nome":"Glory Lorraine","dataNascimento":"17/10/2003","profissao":"Policial","tempoServico":5},
{"nome":"Helenka Scarman","dataNascimento":"04/04/1997","profissao":"Policial","tempoServico":22},
{"nome":"Morry Prydden","dataNascimento":"21/12/1972","profissao":"Professor","tempoServico":16},
{"nome":"Randal Pleace","dataNascimento":"13/04/1958","profissao":"Medico","tempoServico":18},
{"nome":"Sibel Roze","dataNascimento":"03/11/1960","profissao":"Professor","tempoServico":25},
{"nome":"Sibbie Lambswood","dataNascimento":"12/06/1962","profissao":"Medico","tempoServico":13},
{"nome":"Ellyn Tasseler","dataNascimento":"17/07/1983","profissao":"Motorista","tempoServico":17},
{"nome":"Walton Croshaw","dataNascimento":"13/05/1973","profissao":"Policial","tempoServico":4},
{"nome":"Bryanty Partkya","dataNascimento":"02/04/1985","profissao":"Motorista","tempoServico":17},
{"nome":"Derick Broe","dataNascimento":"05/04/1987","profissao":"Medico","tempoServico":14},
{"nome":"Anatollo Pendergrast","dataNascimento":"11/11/1986","profissao":"Medico","tempoServico":3},
{"nome":"Rodie Bartosek","dataNascimento":"08/04/1955","profissao":"Professor","tempoServico":4},
{"nome":"Jacquetta Pratley","dataNascimento":"11/12/1994","profissao":"Policial","tempoServico":4},
{"nome":"Abe Lydiatt","dataNascimento":"03/01/1989","profissao":"Medico","tempoServico":22},
{"nome":"Cissy Rivelon","dataNascimento":"14/06/1961","profissao":"Policial","tempoServico":17},
{"nome":"Isa Jendrach","dataNascimento":"10/08/2002","profissao":"Policial","tempoServico":19},
{"nome":"Deloris Dirr","dataNascimento":"08/07/1968","profissao":"Motorista","tempoServico":16},
{"nome":"Tammy Poynor","dataNascimento":"02/06/1978","profissao":"Policial","tempoServico":5},
{"nome":"Rolf Dombrell","dataNascimento":"03/02/2000","profissao":"Professor","tempoServico":7},
{"nome":"Hortensia Eschalette","dataNascimento":"07/05/2002","profissao":"Policial","tempoServico":18},
{"nome":"Dulcine Shankster","dataNascimento":"28/05/1989","profissao":"Medico","tempoServico":3},
{"nome":"Bail Jzak","dataNascimento":"30/11/2000","profissao":"Policial","tempoServico":20}]