[{"nome":"Matilda Maydwell","dataNascimento":"31/10/1982","peso":0.3,"flexibilidade":0.08,"resistencia":0.5,"folego":0.58,"forca":0.96,"numeroLesoes":7},
{"nome":"Niccolo Bredee","dataNascimento":"06/08/2009","peso":0.32,"flexibilidade":0.63,"resistencia":0.67,"folego":0.56,"forca":0.82,"numeroLesoes":5},
{"nome":"Ronni Eadington","dataNascimento":"22/09/2003","peso":0.54,"flexibilidade":0.99,"resistencia":0.81,"folego":0.2,"forca":0.26,"numeroLesoes":6},
{"nome":"Benni Huey","dataNascimento":"13/11/1972","peso":0.5,"flexibilidade":0.14,"resistencia":0.88,"folego":0.04,"forca":0.85,"numeroLesoes":6},
{"nome":"Kippie Buckthorp","dataNascimento":"22/10/2000","peso":0.71,"flexibilidade":0.67,"resistencia":0.54,"folego":0.64,"forca":0.48,"numeroLesoes":3},
{"nome":"Daron Blacker","dataNascimento":"10/11/1999","peso":0.5,"flexibilidade":0.71,"resistencia":0.78,"folego":0.51,"forca":0.23,"numeroLesoes":12},
{"nome":"Randell Mapples","dataNascimento":"01/03/1998","peso":0.23,"flexibilidade":0.33,"resistencia":0.58,"folego":0.07,"forca":0.15,"numeroLesoes":3},
{"nome":"Porter Arkle","dataNascimento":"30/03/2009","peso":0.94,"flexibilidade":0.9,"resistencia":0.33,"folego":0.52,"forca":0.34,"numeroLesoes":11},
{"nome":"Corina Haith","dataNascimento":"18/01/1987","peso":0.14,"flexibilidade":0.55,"resistencia":0.29,"folego":0.45,"forca":0.4,"numeroLesoes":12},
{"nome":"Clemente Leivers","dataNascimento":"18/12/2008","peso":0.27,"flexibilidade":0.13,"resistencia":0.25,"folego":0.88,"forca":0.54,"numeroLesoes":4},
{"nome":"Viviene MacTrustie","dataNascimento":"20/03/1990","peso":0.81,"flexibilidade":0.79,"resistencia":0.26,"folego":0.59,"forca":0.09,"numeroLesoes":0},
{"nome":"Freddy Treadgear","dataNascimento":"26/05/2002","peso":0.98,"flexibilidade":0.97,"resistencia":0.7,"folego":0.53,"forca":0.33,"numeroLesoes":2},
{"nome":"Robinet Bibby","dataNascimento":"15/10/2008","peso":0.71,"flexibilidade":0.96,"resistencia":0.68,"folego":0.77,"forca":0.9,"numeroLesoes":13},
{"nome":"Cinda Quarton","dataNascimento":"26/09/1972","peso":0.97,"flexibilidade":0.06,"resistencia":0.65,"folego":0.51,"forca":0.39,"numeroLesoes":6},
{"nome":"Sigismund Cavanagh","dataNascimento":"10/11/2002","peso":0.86,"flexibilidade":0.57,"resistencia":0.09,"folego":0.35,"forca":0.92,"numeroLesoes":1},
{"nome":"Haley McGlue","dataNascimento":"13/07/1992","peso":0.63,"flexibilidade":0.14,"resistencia":0.21,"folego":0.06,"forca":0.87,"numeroLesoes":1},
{"nome":"Con Foggo","dataNascimento":"21/05/1986","peso":0.45,"flexibilidade":0.95,"resistencia":0.5,"folego":0.64,"forca":0.83,"numeroLesoes":7},
{"nome":"Mozes Colleer","dataNascimento":"25/12/1982","peso":0.61,"flexibilidade":0.93,"resistencia":0.75,"folego":0.9,"forca":0.05,"numeroLesoes":6},
{"nome":"Lonee Irving","dataNascimento":"18/04/1986","peso":0.57,"flexibilidade":0.94,"resistencia":0.1,"folego":0.83,"forca":0.62,"numeroLesoes":15},
{"nome":"Riobard Stanmore","dataNascimento":"31/01/1977","peso":0.46,"flexibilidade":0.43,"resistencia":0.21,"folego":0.99,"forca":0.83,"numeroLesoes":12},
{"nome":"Gilemette Grene","dataNascimento":"03/08/1987","peso":0.16,"flexibilidade":0.84,"resistencia":0.62,"folego":0.38,"forca":0.08,"numeroLesoes":8},
{"nome":"Papagena Korb","dataNascimento":"25/05/1970","peso":0.1,"flexibilidade":0.09,"resistencia":0.78,"folego":0.79,"forca":0.54,"numeroLesoes":5},
{"nome":"Marvin Hassell","dataNascimento":"02/07/2006","peso":0.8,"flexibilidade":0.38,"resistencia":0.47,"folego":0.99,"forca":0.08,"numeroLesoes":9},
{"nome":"Quintana Roj","dataNascimento":"25/10/1978","peso":0.1,"flexibilidade":0.63,"resistencia":0.61,"folego":0.9,"forca":0.02,"numeroLesoes":11},
{"nome":"Madalena Albers","dataNascimento":"10/02/2000","peso":0.92,"flexibilidade":0.97,"resistencia":0.99,"folego":0.05,"forca":0.61,"numeroLesoes":10},
{"nome":"Bevan Antosik","dataNascimento":"26/01/1983","peso":0.82,"flexibilidade":0.12,"resistencia":0.01,"folego":0.36,"forca":0.35,"numeroLesoes":5},
{"nome":"Meier Bischop","dataNascimento":"13/08/1971","peso":0.36,"flexibilidade":0.57,"resistencia":0.62,"folego":0.29,"forca":0.97,"numeroLesoes":3},
{"nome":"Jacky McCord","dataNascimento":"11/09/1992","peso":0.35,"flexibilidade":0.2,"resistencia":0.47,"folego":0.49,"forca":0.48,"numeroLesoes":15},
{"nome":"Tamiko Askaw","dataNascimento":"03/11/1998","peso":0.75,"flexibilidade":0.73,"resistencia":0.76,"folego":0.18,"forca":0.36,"numeroLesoes":6},
{"nome":"Dorthy Cundict","dataNascimento":"18/08/1974","peso":0.34,"flexibilidade":0.61,"resistencia":0.66,"folego":0.67,"forca":0.1,"numeroLesoes":15},
{"nome":"Cornall Perelli","dataNascimento":"14/11/1986","peso":0.58,"flexibilidade":0.94,"resistencia":0.18,"folego":0.55,"forca":0.54,"numeroLesoes":13},
{"nome":"Khalil Nockolds","dataNascimento":"15/06/1977","peso":0.94,"flexibilidade":0.37,"resistencia":0.58,"folego":0.53,"forca":0.39,"numeroLesoes":13},
{"nome":"Rosalie Crees","dataNascimento":"04/03/2006","peso":0.54,"flexibilidade":0.8,"resistencia":0.89,"folego":0.6,"forca":0.05,"numeroLesoes":13},
{"nome":"Sheri MacDiarmond","dataNascimento":"31/10/1972","peso":0.55,"flexibilidade":0.93,"resistencia":0.12,"folego":0.23,"forca":0.74,"numeroLesoes":11},
{"nome":"Patsy Bostick","dataNascimento":"13/02/1991","peso":0.26,"flexibilidade":0.89,"resistencia":0.73,"folego":0.61,"forca":0.5,"numeroLesoes":7},
{"nome":"Kimberlyn Woolfall","dataNascimento":"12/10/1998","peso":0.52,"flexibilidade":0.3,"resistencia":0.72,"folego":0.02,"forca":0.7,"numeroLesoes":15},
{"nome":"Irving Chace","dataNascimento":"05/03/1987","peso":0.19,"flexibilidade":0.69,"resistencia":0.46,"folego":0.51,"forca":0.25,"numeroLesoes":8},
{"nome":"Kip Cosley","dataNascimento":"07/08/2009","peso":0.27,"flexibilidade":0.38,"resistencia":0.32,"folego":0.84,"forca":0.87,"numeroLesoes":3},
{"nome":"Hillier Dibsdale","dataNascimento":"04/10/1972","peso":0.31,"flexibilidade":0.66,"resistencia":0.5,"folego":0.98,"forca":0.74,"numeroLesoes":10},
{"nome":"Eulalie Palle","dataNascimento":"27/02/1987","peso":0.8,"flexibilidade":0.74,"resistencia":0.46,"folego":0.04,"forca":0.68,"numeroLesoes":11},
{"nome":"Ash Yes","dataNascimento":"05/02/1981","peso":0.78,"flexibilidade":0.46,"resistencia":0.77,"folego":0.83,"forca":0.71,"numeroLesoes":13},
{"nome":"Holt Sabatier","dataNascimento":"31/12/1993","peso":0.19,"flexibilidade":0.29,"resistencia":0.88,"folego":0.86,"forca":0.45,"numeroLesoes":10},
{"nome":"Ezra Pinchon","dataNascimento":"17/06/1991","peso":0.02,"flexibilidade":0.88,"resistencia":0.89,"folego":0.08,"forca":0.94,"numeroLesoes":6},
{"nome":"Brigham McLernon","dataNascimento":"27/06/1976","peso":0.03,"flexibilidade":0.44,"resistencia":0.23,"folego":0.15,"forca":0.77,"numeroLesoes":14},
{"nome":"Ethelred Newborn","dataNascimento":"24/03/2004","peso":0.29,"flexibilidade":0.58,"resistencia":0.54,"folego":0.18,"forca":0.12,"numeroLesoes":10},
{"nome":"Clarence Rawling","dataNascimento":"29/05/1984","peso":0.3,"flexibilidade":0.58,"resistencia":0.53,"folego":0.05,"forca":0.51,"numeroLesoes":11},
{"nome":"Mirna Evesque","dataNascimento":"17/09/1974","peso":0.91,"flexibilidade":0.04,"resistencia":0.36,"folego":0.0,"forca":0.92,"numeroLesoes":5},
{"nome":"Troy Southorn","dataNascimento":"23/12/1975","peso":0.7,"flexibilidade":0.3,"resistencia":0.88,"folego":0.33,"forca":0.53,"numeroLesoes":3},
{"nome":"Tye Janiak","dataNascimento":"24/06/1974","peso":0.65,"flexibilidade":0.15,"resistencia":0.71,"folego":0.35,"forca":0.69,"numeroLesoes":13},
{"nome":"Nanny Keighley","dataNascimento":"17/09/1996","peso":0.77,"flexibilidade":0.28,"resistencia":0.83,"folego":0.31,"forca":0.98,"numeroLesoes":15},
{"nome":"Ursula Sandwith","dataNascimento":"06/07/1998","peso":0.07,"flexibilidade":0.58,"resistencia":0.7,"folego":0.38,"forca":0.7,"numeroLesoes":5},
{"nome":"Christopher Yeulet","dataNascimento":"24/03/1975","peso":0.87,"flexibilidade":0.64,"resistencia":0.0,"folego":0.35,"forca":0.27,"numeroLesoes":2},
{"nome":"Pammy Kerrane","dataNascimento":"30/01/1976","peso":0.87,"flexibilidade":0.15,"resistencia":0.71,"folego":0.5,"forca":0.98,"numeroLesoes":3},
{"nome":"Cesare Schiementz","dataNascimento":"11/10/1971","peso":0.33,"flexibilidade":0.6,"resistencia":0.61,"folego":0.37,"forca":0.6,"numeroLesoes":10},
{"nome":"Sergeant Davydoch","dataNascimento":"22/11/1976","peso":0.53,"flexibilidade":0.64,"resistencia":0.56,"folego":0.48,"forca":0.32,"numeroLesoes":9},
{"nome":"Reeta Laidlow","dataNascimento":"18/03/1970","peso":0.83,"flexibilidade":0.02,"resistencia":0.18,"folego":0.49,"forca":0.74,"numeroLesoes":4},
{"nome":"Nissie Wimpenny","dataNascimento":"30/03/1994","peso":0.72,"flexibilidade":0.69,"resistencia":0.53,"folego":0.6,"forca":0.26,"numeroLesoes":7},
{"nome":"Joannes Reicharz","dataNascimento":"18/09/1977","peso":0.2,"flexibilidade":0.92,"resistencia":0.35,"folego":0.62,"forca":0.49,"numeroLesoes":6},
{"nome":"Megan Zeplin","dataNascimento":"25/05/2001","peso":0.36,"flexibilidade":0.79,"resistencia":0.38,"folego":0.51,"forca":0.63,"numeroLesoes":0},
{"nome":"Benton Peealess","dataNascimento":"19/03/1982","peso":0.83,"flexibilidade":0.24,"resistencia":0.67,"folego":0.82,"forca":0.43,"numeroLesoes":3},
{"nome":"Rock Grinaway","dataNascimento":"22/11/1978","peso":0.74,"flexibilidade":0.99,"resistencia":0.77,"folego":0.19,"forca":0.44,"numeroLesoes":14},
{"nome":"Curtis Baudry","dataNascimento":"13/07/1977","peso":0.16,"flexibilidade":0.41,"resistencia":0.31,"folego":0.99,"forca":0.55,"numeroLesoes":1},
{"nome":"Jimmy Breckell","dataNascimento":"24/04/1997","peso":0.07,"flexibilidade":0.63,"resistencia":0.55,"folego":0.16,"forca":0.27,"numeroLesoes":2},
{"nome":"Nerti Eagger","dataNascimento":"25/04/1993","peso":0.94,"flexibilidade":0.34,"resistencia":0.16,"folego":0.93,"forca":0.97,"numeroLesoes":0},
{"nome":"Giffy Sotworth","dataNascimento":"29/09/1990","peso":0.05,"flexibilidade":0.5,"resistencia":0.54,"folego":0.72,"forca":0.4,"numeroLesoes":1},
{"nome":"Stesha Jikovsky","dataNascimento":"01/09/1985","peso":0.53,"flexibilidade":0.38,"resistencia":0.03,"folego":0.86,"forca":0.07,"numeroLesoes":7},
{"nome":"Corina Casbon","dataNascimento":"17/11/1975","peso":0.83,"flexibilidade":0.39,"resistencia":0.56,"folego":0.44,"forca":0.38,"numeroLesoes":2},
{"nome":"Jilleen Limprecht","dataNascimento":"24/09/2009","peso":0.92,"flexibilidade":0.28,"resistencia":0.69,"folego":0.26,"forca":0.49,"numeroLesoes":14},
{"nome":"Jabez Piell","dataNascimento":"26/02/1979","peso":0.94,"flexibilidade":0.43,"resistencia":0.21,"folego":0.77,"forca":0.37,"numeroLesoes":7},
{"nome":"Toinette Scurr","dataNascimento":"13/07/1990","peso":0.53,"flexibilidade":0.5,"resistencia":0.22,"folego":0.82,"forca":0.32,"numeroLesoes":6},
{"nome":"Maddie Lumox","dataNascimento":"15/07/2005","peso":0.29,"flexibilidade":0.6,"resistencia":0.67,"folego":0.45,"forca":0.15,"numeroLesoes":0},
{"nome":"Irving Hatwells","dataNascimento":"14/11/2008","peso":0.2,"flexibilidade":0.94,"resistencia":0.67,"folego":0.96,"forca":0.79,"numeroLesoes":4},
{"nome":"Mamie Line","dataNascimento":"29/08/1971","peso":0.16,"flexibilidade":0.56,"resistencia":0.55,"folego":0.39,"forca":0.2,"numeroLesoes":12},
{"nome":"Melodee McGerr","dataNascimento":"04/06/1986","peso":0.6,"flexibilidade":0.39,"resistencia":0.1,"folego":0.81,"forca":0.17,"numeroLesoes":11},
{"nome":"Trenna Sapseed","dataNascimento":"05/08/1983","peso":0.64,"flexibilidade":0.73,"resistencia":0.36,"folego":0.47,"forca":0.29,"numeroLesoes":9},
{"nome":"Tootsie Ghilardi","dataNascimento":"27/01/1996","peso":0.8,"flexibilidade":0.06,"resistencia":0.79,"folego":0.23,"forca":0.27,"numeroLesoes":12},
{"nome":"Iris Broun","dataNascimento":"12/06/1972","peso":0.83,"flexibilidade":0.97,"resistencia":0.26,"folego":0.35,"forca":0.88,"numeroLesoes":12},
{"nome":"Bevvy Boate","dataNascimento":"17/12/1980","peso":0.3,"flexibilidade":0.54,"resistencia":0.45,"folego":0.26,"forca":0.47,"numeroLesoes":11},
{"nome":"Anatola Delooze","dataNascimento":"22/01/1984","peso":0.9,"flexibilidade":0.53,"resistencia":0.89,"folego":0.08,"forca":0.36,"numeroLesoes":11},
{"nome":"Temple Hardcastle","dataNascimento":"10/10/1983","peso":0.84,"flexibilidade":0.49,"resistencia":0.31,"folego":0.96,"forca":0.71,"numeroLesoes":7},
{"nome":"Lowell Decourcy","dataNascimento":"17/04/1981","peso":0.95,"flexibilidade":0.16,"resistencia":0.63,"folego":0.94,"forca":0.31,"numeroLesoes":8},
{"nome":"Agnes Geer","dataNascimento":"19/03/1995","peso":0.03,"flexibilidade":0.54,"resistencia":0.26,"folego":0.56,"forca":0.71,"numeroLesoes":0},
{"nome":"Jeniffer Penas","dataNascimento":"09/04/1994","peso":0.94,"flexibilidade":0.87,"resistencia":0.55,"folego":0.14,"forca":0.19,"numeroLesoes":14},
{"nome":"Kaia Ivanichev","dataNascimento":"15/09/2006","peso":0.12,"flexibilidade":0.44,"resistencia":0.36,"folego":0.63,"forca":0.74,"numeroLesoes":3},
{"nome":"Phaidra Blest","dataNascimento":"17/06/1971","peso":0.94,"flexibilidade":0.49,"resistencia":0.51,"folego":0.19,"forca":0.08,"numeroLesoes":14},
{"nome":"Kelsey Mosedill","dataNascimento":"17/07/1998","peso":0.37,"flexibilidade":0.77,"resistencia":0.76,"folego":0.05,"forca":0.44,"numeroLesoes":3},
{"nome":"Les Gyngell","dataNascimento":"07/05/1997","peso":0.2,"flexibilidade":0.58,"resistencia":0.65,"folego":0.9,"forca":0.82,"numeroLesoes":13},
{"nome":"Sherri Micklewicz","dataNascimento":"05/07/2007","peso":0.91,"flexibilidade":0.45,"resistencia":0.08,"folego":0.08,"forca":0.4,"numeroLesoes":10},
{"nome":"Base Caddy","dataNascimento":"28/11/1996","peso":0.58,"flexibilidade":0.34,"resistencia":0.27,"folego":0.67,"forca":0.64,"numeroLesoes":3},
{"nome":"Hyacinth Mooreed","dataNascimento":"25/04/1986","peso":0.59,"flexibilidade":0.17,"resistencia":0.67,"folego":0.42,"forca":0.87,"numeroLesoes":13},
{"nome":"Yorker Wyard","dataNascimento":"04/01/2007","peso":0.96,"flexibilidade":0.83,"resistencia":0.37,"folego":0.64,"forca":0.66,"numeroLesoes":14},
{"nome":"Barney Bielfeldt","dataNascimento":"19/03/1985","peso":0.76,"flexibilidade":0.95,"resistencia":0.87,"folego":0.89,"forca":0.34,"numeroLesoes":9},
{"nome":"Hirsch Cutbirth","dataNascimento":"29/12/1990","peso":0.66,"flexibilidade":0.51,"resistencia":0.55,"folego":0.76,"forca":0.64,"numeroLesoes":6},
{"nome":"Annamarie West","dataNascimento":"26/05/1972","peso":0.0,"flexibilidade":0.43,"resistencia":0.87,"folego":0.11,"forca":0.11,"numeroLesoes":1},
{"nome":"Mikey Shorrock","dataNascimento":"25/02/1989","peso":0.59,"flexibilidade":0.44,"resistencia":0.42,"folego":0.59,"forca":0.82,"numeroLesoes":2},
{"nome":"Penn Helder","dataNascimento":"23/09/1976","peso":0.75,"flexibilidade":0.14,"resistencia":0.38,"folego":0.68,"forca":0.73,"numeroLesoes":11},
{"nome":"Corinne McQuaker","dataNascimento":"26/01/1981","peso":0.43,"flexibilidade":0.9,"resistencia":1.0,"folego":0.57,"forca":0.87,"numeroLesoes":11},
{"nome":"Jerald Nolton","dataNascimento":"13/01/1981","peso":0.25,"flexibilidade":0.44,"resistencia":0.69,"folego":0.38,"forca":0.22,"numeroLesoes":1},
{"nome":"Christa Sappson","dataNascimento":"17/04/1988","peso":0.43,"flexibilidade":0.39,"resistencia":0.89,"folego":0.68,"forca":0.86,"numeroLesoes":6},
{"nome":"Megan Stych","dataNascimento":"08/10/1999","peso":0.69,"flexibilidade":0.44,"resistencia":0.21,"folego":0.56,"forca":0.29,"numeroLesoes":12}]