[{"nome":"August Joel","dataNascimento":"21/02/1981","peso":0.88,"flexibilidade":0.76,"resistencia":0.37,"folego":0.5,"forca":0.81,"numeroLesoes":1},
{"nome":"Lexine Martinelli","dataNascimento":"03/07/1987","peso":0.9,"flexibilidade":0.37,"resistencia":0.01,"folego":0.4,"forca":0.57,"numeroLesoes":0},
{"nome":"Shell Marchent","dataNascimento":"06/06/1996","peso":0.17,"flexibilidade":0.64,"resistencia":0.9,"folego":0.7,"forca":0.26,"numeroLesoes":1},
{"nome":"Sean Walklott","dataNascimento":"29/07/2002","peso":0.41,"flexibilidade":0.29,"resistencia":0.95,"folego":0.04,"forca":0.49,"numeroLesoes":12},
{"nome":"Kimble Osmint","dataNascimento":"03/09/1982","peso":0.97,"flexibilidade":0.55,"resistencia":0.48,"folego":0.96,"forca":0.91,"numeroLesoes":10},
{"nome":"Berton Picardo","dataNascimento":"11/08/2001","peso":0.8,"flexibilidade":0.72,"resistencia":0.56,"folego":0.34,"forca":0.31,"numeroLesoes":3},
{"nome":"Isadora Bagnall","dataNascimento":"29/06/2008","peso":0.96,"flexibilidade":0.6,"resistencia":0.75,"folego":0.72,"forca":0.16,"numeroLesoes":13},
{"nome":"Merridie Moutray Read","dataNascimento":"11/10/1994","peso":0.58,"flexibilidade":0.84,"resistencia":0.86,"folego":0.36,"forca":0.44,"numeroLesoes":11},
{"nome":"Stanley Blackaller","dataNascimento":"22/06/1970","peso":0.04,"flexibilidade":0.38,"resistencia":0.24,"folego":0.76,"forca":0.08,"numeroLesoes":14},
{"nome":"Chucho Plampeyn","dataNascimento":"25/04/1983","peso":0.83,"flexibilidade":0.4,"resistencia":0.52,"folego":0.31,"forca":0.99,"numeroLesoes":3},
{"nome":"Adria Du Barry","dataNascimento":"10/02/1995","peso":0.09,"flexibilidade":0.08,"resistencia":1.0,"folego":0.35,"forca":0.05,"numeroLesoes":5},
{"nome":"Maddie Curle","dataNascimento":"03/05/1977","peso":0.62,"flexibilidade":0.96,"resistencia":0.07,"folego":0.57,"forca":0.47,"numeroLesoes":5},
{"nome":"Vergil O'Carrol","dataNascimento":"22/08/1979","peso":0.34,"flexibilidade":0.48,"resistencia":0.45,"folego":0.24,"forca":0.42,"numeroLesoes":2},
{"nome":"Heddie Hammell","dataNascimento":"11/12/1979","peso":0.89,"flexibilidade":0.36,"resistencia":0.98,"folego":0.04,"forca":0.58,"numeroLesoes":11},
{"nome":"Felipa Joicey","dataNascimento":"07/05/1986","peso":0.85,"flexibilidade":0.39,"resistencia":0.27,"folego":0.76,"forca":0.41,"numeroLesoes":8},
{"nome":"Silvio Tacker","dataNascimento":"08/10/1992","peso":0.04,"flexibilidade":0.21,"resistencia":0.63,"folego":0.94,"forca":0.97,"numeroLesoes":3},
{"nome":"Davey Kirrage","dataNascimento":"02/02/2001","peso":0.96,"flexibilidade":0.94,"resistencia":0.55,"folego":0.49,"forca":0.23,"numeroLesoes":12},
{"nome":"Fredelia Blitz","dataNascimento":"16/02/2009","peso":0.69,"flexibilidade":0.16,"resistencia":0.05,"folego":0.02,"forca":0.11,"numeroLesoes":10},
{"nome":"Chadd Shadrach","dataNascimento":"05/12/2009","peso":0.53,"flexibilidade":0.88,"resistencia":0.85,"folego":0.17,"forca":0.83,"numeroLesoes":4},
{"nome":"Blake Ciardo","dataNascimento":"11/11/2004","peso":0.97,"flexibilidade":0.76,"resistencia":0.78,"folego":1.0,"forca":0.88,"numeroLesoes":0},
{"nome":"Humberto Pendall","dataNascimento":"26/11/1998","peso":0.85,"flexibilidade":0.48,"resistencia":0.85,"folego":0.17,"forca":0.71,"numeroLesoes":4},
{"nome":"Dorella Saby","dataNascimento":"22/12/2002","peso":0.62,"flexibilidade":0.43,"resistencia":0.09,"folego":0.25,"forca":0.84,"numeroLesoes":11},
{"nome":"Royal Northage","dataNascimento":"04/04/1995","peso":0.46,"flexibilidade":0.21,"resistencia":0.19,"folego":0.42,"forca":0.53,"numeroLesoes":7},
{"nome":"Bianka Amesbury","dataNascimento":"27/03/1986","peso":0.85,"flexibilidade":0.98,"resistencia":0.31,"folego":0.67,"forca":0.18,"numeroLesoes":12},
{"nome":"Alan Casse","dataNascimento":"13/08/1978","peso":0.15,"flexibilidade":0.32,"resistencia":0.55,"folego":0.53,"forca":0.37,"numeroLesoes":1},
{"nome":"Ricki Featherstonhaugh","dataNascimento":"23/08/1977","peso":0.62,"flexibilidade":0.66,"resistencia":0.7,"folego":0.48,"forca":0.97,"numeroLesoes":6},
{"nome":"Kienan Bocking","dataNascimento":"05/03/2009","peso":0.54,"flexibilidade":0.97,"resistencia":0.99,"folego":0.11,"forca":0.67,"numeroLesoes":8},
{"nome":"Valli Davoren","dataNascimento":"27/05/1976","peso":0.13,"flexibilidade":0.09,"resistencia":0.63,"folego":0.81,"forca":0.89,"numeroLesoes":14},
{"nome":"Codee Balser","dataNascimento":"07/01/1995","peso":0.67,"flexibilidade":0.09,"resistencia":0.8,"folego":0.41,"forca":0.68,"numeroLesoes":8},
{"nome":"Allix Lerer","dataNascimento":"26/10/2003","peso":0.76,"flexibilidade":0.43,"resistencia":0.16,"folego":0.54,"forca":0.52,"numeroLesoes":11},
{"nome":"Noel Fallow","dataNascimento":"09/05/1973","peso":0.86,"flexibilidade":0.25,"resistencia":0.02,"folego":0.49,"forca":0.44,"numeroLesoes":3},
{"nome":"Eldon Readman","dataNascimento":"31/05/1997","peso":0.45,"flexibilidade":0.28,"resistencia":0.35,"folego":0.55,"forca":0.42,"numeroLesoes":10},
{"nome":"Phebe Surfleet","dataNascimento":"24/11/1972","peso":0.91,"flexibilidade":0.57,"resistencia":0.87,"folego":0.56,"forca":0.39,"numeroLesoes":6},
{"nome":"Rozamond Cockley","dataNascimento":"07/04/1982","peso":0.82,"flexibilidade":0.16,"resistencia":0.31,"folego":0.21,"forca":0.92,"numeroLesoes":14},
{"nome":"Tatum Teggin","dataNascimento":"29/10/1971","peso":0.3,"flexibilidade":0.96,"resistencia":0.75,"folego":0.5,"forca":0.37,"numeroLesoes":0},
{"nome":"Fernando Eskriett","dataNascimento":"27/09/1983","peso":0.67,"flexibilidade":0.83,"resistencia":0.7,"folego":0.26,"forca":1.0,"numeroLesoes":9},
{"nome":"Lauren Dance","dataNascimento":"21/03/1993","peso":0.18,"flexibilidade":0.64,"resistencia":0.18,"folego":0.81,"forca":0.79,"numeroLesoes":1},
{"nome":"Haleigh Buer","dataNascimento":"06/03/1992","peso":0.73,"flexibilidade":0.2,"resistencia":0.32,"folego":0.22,"forca":0.59,"numeroLesoes":7},
{"nome":"Celestyna Loachhead","dataNascimento":"24/11/2001","peso":0.33,"flexibilidade":0.75,"resistencia":0.82,"folego":0.7,"forca":0.08,"numeroLesoes":14},
{"nome":"Erl Ewestace","dataNascimento":"06/02/1993","peso":0.87,"flexibilidade":0.06,"resistencia":0.95,"folego":0.25,"forca":0.17,"numeroLesoes":5},
{"nome":"Emalee Hairs","dataNascimento":"26/04/1999","peso":0.87,"flexibilidade":0.49,"resistencia":1.0,"folego":0.99,"forca":0.92,"numeroLesoes":0},
{"nome":"Hinze Jeal","dataNascimento":"31/01/2008","peso":0.88,"flexibilidade":0.62,"resistencia":0.41,"folego":0.05,"forca":0.19,"numeroLesoes":5},
{"nome":"Helli Bowdidge","dataNascimento":"23/06/1990","peso":0.53,"flexibilidade":0.99,"resistencia":0.35,"folego":0.15,"forca":0.78,"numeroLesoes":13},
{"nome":"Nissa Bartram","dataNascimento":"27/01/1974","peso":0.33,"flexibilidade":0.58,"resistencia":0.92,"folego":0.33,"forca":0.78,"numeroLesoes":5},
{"nome":"Giuseppe Hastelow","dataNascimento":"12/07/1987","peso":0.42,"flexibilidade":0.22,"resistencia":0.8,"folego":0.61,"forca":0.07,"numeroLesoes":1},
{"nome":"Dorelle MacAllister","dataNascimento":"15/04/2009","peso":0.55,"flexibilidade":0.91,"resistencia":0.84,"folego":0.95,"forca":0.97,"numeroLesoes":8},
{"nome":"Risa Leivesley","dataNascimento":"11/01/1981","peso":0.09,"flexibilidade":0.27,"resistencia":0.68,"folego":0.24,"forca":0.88,"numeroLesoes":13},
{"nome":"Wilona Glassard","dataNascimento":"04/03/1970","peso":0.28,"flexibilidade":0.09,"resistencia":0.24,"folego":0.22,"forca":0.44,"numeroLesoes":3},
{"nome":"Tybi Joost","dataNascimento":"25/12/1970","peso":0.95,"flexibilidade":0.49,"resistencia":0.78,"folego":0.98,"forca":0.14,"numeroLesoes":0},
{"nome":"Borg Rickarsey","dataNascimento":"05/06/1979","peso":0.38,"flexibilidade":0.3,"resistencia":0.33,"folego":0.44,"forca":0.75,"numeroLesoes":4},
{"nome":"Jarrid Pally","dataNascimento":"12/03/1988","peso":0.94,"flexibilidade":0.45,"resistencia":0.73,"folego":0.87,"forca":0.51,"numeroLesoes":0},
{"nome":"Chad Sommerfeld","dataNascimento":"27/08/1985","peso":0.36,"flexibilidade":0.29,"resistencia":0.86,"folego":0.94,"forca":0.44,"numeroLesoes":0},
{"nome":"Tonye Ivashchenko","dataNascimento":"24/01/1973","peso":0.49,"flexibilidade":0.05,"resistencia":0.29,"folego":0.14,"forca":0.57,"numeroLesoes":15},
{"nome":"Curtis Ure","dataNascimento":"07/06/1971","peso":0.14,"flexibilidade":0.6,"resistencia":0.44,"folego":0.68,"forca":0.7,"numeroLesoes":4},
{"nome":"Griswold Scirman","dataNascimento":"10/02/1974","peso":0.6,"flexibilidade":0.91,"resistencia":0.6,"folego":0.44,"forca":0.71,"numeroLesoes":14},
{"nome":"Grantley Shoard","dataNascimento":"07/06/1979","peso":0.4,"flexibilidade":0.58,"resistencia":0.28,"folego":0.79,"forca":0.02,"numeroLesoes":8},
{"nome":"Jobie Philbrick","dataNascimento":"28/10/2009","peso":0.02,"flexibilidade":0.07,"resistencia":0.4,"folego":0.27,"forca":0.85,"numeroLesoes":6},
{"nome":"Hallsy Wadmore","dataNascimento":"31/10/1982","peso":0.72,"flexibilidade":0.15,"resistencia":0.89,"folego":0.63,"forca":0.7,"numeroLesoes":9},
{"nome":"Zed Speedin","dataNascimento":"04/10/1982","peso":0.66,"flexibilidade":0.76,"resistencia":0.87,"folego":0.78,"forca":0.25,"numeroLesoes":15},
{"nome":"Charles Aingel","dataNascimento":"03/07/1979","peso":0.81,"flexibilidade":0.5,"resistencia":0.68,"folego":0.57,"forca":0.22,"numeroLesoes":15},
{"nome":"Evelyn Wallicker","dataNascimento":"29/01/1997","peso":0.78,"flexibilidade":0.38,"resistencia":0.56,"folego":0.66,"forca":0.41,"numeroLesoes":2},
{"nome":"Kikelia Belin","dataNascimento":"11/11/1977","peso":0.95,"flexibilidade":0.63,"resistencia":0.9,"folego":0.14,"forca":0.75,"numeroLesoes":10},
{"nome":"Annabel Brion","dataNascimento":"22/05/1974","peso":0.68,"flexibilidade":0.0,"resistencia":0.21,"folego":0.1,"forca":0.7,"numeroLesoes":13},
{"nome":"Bernette Philo","dataNascimento":"16/12/1991","peso":0.78,"flexibilidade":0.16,"resistencia":0.29,"folego":0.41,"forca":0.09,"numeroLesoes":13},
{"nome":"Licha Griggs","dataNascimento":"19/09/1989","peso":0.44,"flexibilidade":0.73,"resistencia":0.46,"folego":0.09,"forca":0.44,"numeroLesoes":4},
{"nome":"Fleurette McNamara","dataNascimento":"27/02/1986","peso":0.84,"flexibilidade":0.38,"resistencia":0.03,"folego":0.47,"forca":0.47,"numeroLesoes":7},
{"nome":"Hakeem Staresmeare","dataNascimento":"10/10/1978","peso":0.23,"flexibilidade":0.17,"resistencia":0.96,"folego":0.91,"forca":0.43,"numeroLesoes":7},
{"nome":"Carr Shawyers","dataNascimento":"20/09/2009","peso":0.6,"flexibilidade":0.45,"resistencia":0.49,"folego":0.3,"forca":0.01,"numeroLesoes":3},
{"nome":"Lynsey Marconi","dataNascimento":"03/06/2004","peso":0.81,"flexibilidade":0.81,"resistencia":0.28,"folego":0.23,"forca":0.63,"numeroLesoes":8},
{"nome":"Lisha Dragon","dataNascimento":"16/08/1971","peso":0.2,"flexibilidade":0.78,"resistencia":0.4,"folego":0.23,"forca":0.57,"numeroLesoes":13},
{"nome":"Anderea Inskipp","dataNascimento":"28/07/2003","peso":0.71,"flexibilidade":0.14,"resistencia":0.43,"folego":0.64,"forca":0.96,"numeroLesoes":8},
{"nome":"Walsh Blenkinsopp","dataNascimento":"01/03/2000","peso":0.16,"flexibilidade":0.63,"resistencia":0.39,"folego":0.09,"forca":0.43,"numeroLesoes":8},
{"nome":"Hymie Dorrell","dataNascimento":"04/01/1979","peso":0.38,"flexibilidade":0.27,"resistencia":0.66,"folego":0.98,"forca":0.4,"numeroLesoes":3},
{"nome":"Leshia Wimsett","dataNascimento":"21/08/1990","peso":0.65,"flexibilidade":0.6,"resistencia":0.51,"folego":0.74,"forca":0.62,"numeroLesoes":1},
{"nome":"Florian Hebbard","dataNascimento":"02/05/1984","peso":0.1,"flexibilidade":0.46,"resistencia":0.54,"folego":0.32,"forca":0.66,"numeroLesoes":13},
{"nome":"Markos Cosgrove","dataNascimento":"26/12/2006","peso":0.3,"flexibilidade":0.25,"resistencia":0.19,"folego":0.39,"forca":0.86,"numeroLesoes":15},
{"nome":"Theressa Cadle","dataNascimento":"11/06/1992","peso":0.16,"flexibilidade":0.79,"resistencia":0.08,"folego":0.13,"forca":0.27,"numeroLesoes":8},
{"nome":"Griff Bakhrushkin","dataNascimento":"07/03/2001","peso":0.01,"flexibilidade":0.69,"resistencia":1.0,"folego":0.79,"forca":0.27,"numeroLesoes":10},
{"nome":"Amanda Conws","dataNascimento":"20/08/1979","peso":0.95,"flexibilidade":0.75,"resistencia":0.87,"folego":0.82,"forca":0.68,"numeroLesoes":6},
{"nome":"Christian Sore","dataNascimento":"20/09/2001","peso":0.97,"flexibilidade":0.55,"resistencia":0.34,"folego":0.67,"forca":0.17,"numeroLesoes":6},
{"nome":"Basia Hould","dataNascimento":"14/03/2006","peso":0.51,"flexibilidade":0.49,"resistencia":0.21,"folego":0.2,"forca":0.88,"numeroLesoes":0},
{"nome":"Noby Hoggan","dataNascimento":"14/06/1989","peso":0.92,"flexibilidade":0.88,"resistencia":0.57,"folego":0.51,"forca":0.07,"numeroLesoes":9},
{"nome":"Kristoffer Gyorgy","dataNascimento":"26/12/1981","peso":0.67,"flexibilidade":0.07,"resistencia":0.48,"folego":0.68,"forca":0.57,"numeroLesoes":10},
{"nome":"Rebecca Episcopio","dataNascimento":"16/08/2007","peso":0.98,"flexibilidade":0.05,"resistencia":0.14,"folego":0.8,"forca":0.34,"numeroLesoes":10},
{"nome":"Chauncey Gawthorpe","dataNascimento":"26/04/1999","peso":0.41,"flexibilidade":0.48,"resistencia":0.18,"folego":0.53,"forca":0.15,"numeroLesoes":15},
{"nome":"Grantley MacCollom","dataNascimento":"16/11/1988","peso":0.71,"flexibilidade":0.66,"resistencia":0.56,"folego":0.6,"forca":0.03,"numeroLesoes":12},
{"nome":"Marti Loines","dataNascimento":"09/01/1982","peso":0.13,"flexibilidade":0.05,"resistencia":0.98,"folego":0.77,"forca":0.58,"numeroLesoes":8},
{"nome":"Nathanael Penquet","dataNascimento":"14/10/1977","peso":0.07,"flexibilidade":0.14,"resistencia":0.85,"folego":0.84,"forca":0.3,"numeroLesoes":3},
{"nome":"Ludovico Standish","dataNascimento":"01/09/1996","peso":0.92,"flexibilidade":0.38,"resistencia":0.17,"folego":0.52,"forca":0.62,"numeroLesoes":11},
{"nome":"Brynne Evitt","dataNascimento":"18/06/1986","peso":0.28,"flexibilidade":0.56,"resistencia":0.58,"folego":0.77,"forca":0.17,"numeroLesoes":10},
{"nome":"Brittaney Roads","dataNascimento":"09/03/1997","peso":0.83,"flexibilidade":0.16,"resistencia":0.9,"folego":0.97,"forca":0.62,"numeroLesoes":13},
{"nome":"Rafaellle Najera","dataNascimento":"06/07/1979","peso":0.9,"flexibilidade":0.82,"resistencia":0.52,"folego":0.26,"forca":0.6,"numeroLesoes":7},
{"nome":"Vale Terren","dataNascimento":"19/06/1999","peso":0.23,"flexibilidade":0.71,"resistencia":0.17,"folego":0.73,"forca":0.09,"numeroLesoes":3},
{"nome":"Stefan Davidoff","dataNascimento":"10/10/1977","peso":0.14,"flexibilidade":0.15,"resistencia":0.81,"folego":0.89,"forca":0.06,"numeroLesoes":4},
{"nome":"Reider Rope","dataNascimento":"20/05/1984","peso":0.16,"flexibilidade":0.57,"resistencia":0.88,"folego":0.24,"forca":0.08,"numeroLesoes":2},
{"nome":"Lira Livingston","dataNascimento":"07/11/1989","peso":0.28,"flexibilidade":0.06,"resistencia":0.33,"folego":0.6,"forca":0.19,"numeroLesoes":15},
{"nome":"Freeman Berryman","dataNascimento":"14/09/1984","peso":0.46,"flexibilidade":0.32,"resistencia":0.15,"folego":0.1,"forca":0.81,"numeroLesoes":13},
{"nome":"Dorian Stephen","dataNascimento":"01/02/1988","peso":0.49,"flexibilidade":0.78,"resistencia":0.61,"folego":0.97,"forca":0.94,"numeroLesoes":10},
{"nome":"Gweneth Van der Kruys","dataNascimento":"08/09/1983","peso":0.53,"flexibilidade":0.48,"resistencia":0.01,"folego":0.3,"forca":0.36,"numeroLesoes":5},
{"nome":"Byram Rudledge","dataNascimento":"16/11/1997","peso":0.85,"flexibilidade":0.95,"resistencia":0.68,"folego":1.0,"forca":0.3,"numeroLesoes":8}]