[{"nome":"Fidelia Dinzey","dataNascimento":"19/02/1972","peso":0.52,"flexibilidade":0.13,"resistencia":0.14,"folego":0.59,"forca":0.9,"numeroLesoes":2},
{"nome":"Jilli Oxbie","dataNascimento":"19/12/1973","peso":0.18,"flexibilidade":0.81,"resistencia":0.48,"folego":0.53,"forca":0.87,"numeroLesoes":12},
{"nome":"Cissiee Shirrell","dataNascimento":"24/08/1980","peso":0.65,"flexibilidade":0.1,"resistencia":0.92,"folego":0.56,"forca":0.11,"numeroLesoes":1},
{"nome":"Malinda Reckless","dataNascimento":"08/01/1976","peso":0.82,"flexibilidade":0.63,"resistencia":0.66,"folego":0.78,"forca":0.61,"numeroLesoes":3},
{"nome":"Gipsy Sorey","dataNascimento":"25/10/2003","peso":0.0,"flexibilidade":0.22,"resistencia":0.05,"folego":0.48,"forca":0.4,"numeroLesoes":10},
{"nome":"Janel Goldman","dataNascimento":"14/02/1970","peso":0.03,"flexibilidade":0.04,"resistencia":0.45,"folego":0.27,"forca":0.01,"numeroLesoes":0},
{"nome":"Chickie Buglass","dataNascimento":"23/02/1985","peso":0.46,"flexibilidade":0.73,"resistencia":0.63,"folego":0.92,"forca":0.58,"numeroLesoes":5},
{"nome":"Meara Abbitt","dataNascimento":"10/05/1995","peso":0.76,"flexibilidade":0.14,"resistencia":0.07,"folego":0.41,"forca":0.54,"numeroLesoes":13},
{"nome":"Karel Semarke","dataNascimento":"19/06/1999","peso":0.13,"flexibilidade":0.06,"resistencia":0.03,"folego":0.2,"forca":0.77,"numeroLesoes":6},
{"nome":"Langsdon Bencher","dataNascimento":"19/03/1999","peso":0.08,"flexibilidade":0.28,"resistencia":0.93,"folego":0.56,"forca":0.4,"numeroLesoes":5},
{"nome":"Luca Pembry","dataNascimento":"13/03/1982","peso":0.85,"flexibilidade":0.6,"resistencia":0.46,"folego":0.66,"forca":0.6,"numeroLesoes":2},
{"nome":"Blondy Feore","dataNascimento":"01/09/1972","peso":0.63,"flexibilidade":0.21,"resistencia":0.98,"folego":0.09,"forca":0.34,"numeroLesoes":11},
{"nome":"Sara-ann Mantz","dataNascimento":"01/03/1982","peso":0.88,"flexibilidade":0.55,"resistencia":0.73,"folego":0.95,"forca":0.17,"numeroLesoes":8},
{"nome":"Griffie Base","dataNascimento":"24/01/2009","peso":0.62,"flexibilidade":0.3,"resistencia":0.63,"folego":0.38,"forca":0.88,"numeroLesoes":1},
{"nome":"Camilla Jennick","dataNascimento":"31/10/1995","peso":0.17,"flexibilidade":0.74,"resistencia":0.83,"folego":0.16,"forca":0.75,"numeroLesoes":9},
{"nome":"Adolphe Brodest","dataNascimento":"19/04/2008","peso":0.49,"flexibilidade":0.3,"resistencia":0.64,"folego":0.52,"forca":0.58,"numeroLesoes":15},
{"nome":"Iona Godspeede","dataNascimento":"16/05/1982","peso":0.72,"flexibilidade":0.6,"resistencia":0.23,"folego":0.43,"forca":0.4,"numeroLesoes":2},
{"nome":"Myrtle Tack","dataNascimento":"10/05/1989","peso":0.4,"flexibilidade":0.73,"resistencia":0.59,"folego":0.33,"forca":0.95,"numeroLesoes":7},
{"nome":"Wilfred Doughartie","dataNascimento":"10/05/1974","peso":0.61,"flexibilidade":0.12,"resistencia":0.52,"folego":0.44,"forca":0.76,"numeroLesoes":6},
{"nome":"Helaine Deans","dataNascimento":"10/03/1996","peso":0.27,"flexibilidade":0.71,"resistencia":0.35,"folego":0.28,"forca":0.04,"numeroLesoes":7},
{"nome":"Rodolph Conaghy","dataNascimento":"25/09/1975","peso":0.76,"flexibilidade":0.92,"resistencia":0.61,"folego":0.64,"forca":0.99,"numeroLesoes":13},
{"nome":"Annabal Veryard","dataNascimento":"20/03/1980","peso":0.51,"flexibilidade":0.5,"resistencia":0.55,"folego":0.52,"forca":0.23,"numeroLesoes":13},
{"nome":"Yvette Haffard","dataNascimento":"21/07/1982","peso":0.78,"flexibilidade":0.88,"resistencia":0.49,"folego":0.16,"forca":0.13,"numeroLesoes":7},
{"nome":"Leif Trighton","dataNascimento":"08/07/1971","peso":0.52,"flexibilidade":0.44,"resistencia":0.84,"folego":0.18,"forca":0.22,"numeroLesoes":4},
{"nome":"Tobe Wark","dataNascimento":"05/03/1975","peso":0.87,"flexibilidade":0.31,"resistencia":0.28,"folego":0.7,"forca":0.75,"numeroLesoes":14},
{"nome":"Launce MacCorley","dataNascimento":"06/02/1985","peso":0.81,"flexibilidade":0.44,"resistencia":0.45,"folego":0.21,"forca":0.73,"numeroLesoes":3},
{"nome":"Shelba Cackett","dataNascimento":"16/02/1974","peso":0.17,"flexibilidade":0.79,"resistencia":0.24,"folego":0.2,"forca":0.23,"numeroLesoes":10},
{"nome":"Ashli Manes","dataNascimento":"03/11/1983","peso":0.29,"flexibilidade":0.05,"resistencia":0.25,"folego":0.65,"forca":0.79,"numeroLesoes":4},
{"nome":"Dena Burns","dataNascimento":"12/10/1974","peso":0.63,"flexibilidade":0.37,"resistencia":0.9,"folego":0.4,"forca":0.43,"numeroLesoes":5},
{"nome":"Rustin Orthmann","dataNascimento":"03/09/1999","peso":0.37,"flexibilidade":0.24,"resistencia":0.54,"folego":0.1,"forca":0.49,"numeroLesoes":8},
{"nome":"Hansiain Jays","dataNascimento":"16/03/1996","peso":0.65,"flexibilidade":0.71,"resistencia":0.38,"folego":0.53,"forca":0.55,"numeroLesoes":6},
{"nome":"Joshia Janoschek","dataNascimento":"31/03/2005","peso":0.3,"flexibilidade":0.73,"resistencia":0.1,"folego":0.34,"forca":0.44,"numeroLesoes":8},
{"nome":"Martelle Arden","dataNascimento":"26/03/1980","peso":0.56,"flexibilidade":0.27,"resistencia":0.63,"folego":0.51,"forca":0.32,"numeroLesoes":5},
{"nome":"Rolland Readshall","dataNascimento":"05/07/2007","peso":0.2,"flexibilidade":0.34,"resistencia":0.55,"folego":0.34,"forca":0.07,"numeroLesoes":15},
{"nome":"Jaquelin Leggin","dataNascimento":"13/05/2000","peso":0.53,"flexibilidade":0.1,"resistencia":0.11,"folego":0.28,"forca":0.3,"numeroLesoes":7},
{"nome":"Joyous Mitchard","dataNascimento":"04/02/1994","peso":0.71,"flexibilidade":0.56,"resistencia":0.68,"folego":0.82,"forca":0.04,"numeroLesoes":0},
{"nome":"Normie Becken","dataNascimento":"27/09/1990","peso":0.25,"flexibilidade":0.78,"resistencia":0.82,"folego":0.54,"forca":0.05,"numeroLesoes":12},
{"nome":"Derick Eastcourt","dataNascimento":"13/06/2000","peso":0.45,"flexibilidade":0.3,"resistencia":0.44,"folego":0.13,"forca":0.46,"numeroLesoes":0},
{"nome":"Eal Spoerl","dataNascimento":"06/10/1996","peso":0.55,"flexibilidade":0.73,"resistencia":0.12,"folego":0.1,"forca":0.43,"numeroLesoes":12},
{"nome":"Koo De L'Isle","dataNascimento":"18/02/1988","peso":0.54,"flexibilidade":0.82,"resistencia":0.7,"folego":0.15,"forca":0.97,"numeroLesoes":7},
{"nome":"Devan Snoddon","dataNascimento":"03/12/1985","peso":0.7,"flexibilidade":0.19,"resistencia":0.66,"folego":0.92,"forca":0.77,"numeroLesoes":14},
{"nome":"Forest Austen","dataNascimento":"07/11/1980","peso":0.29,"flexibilidade":0.22,"resistencia":0.91,"folego":0.27,"forca":0.21,"numeroLesoes":9},
{"nome":"Sissy Cahill","dataNascimento":"18/01/2009","peso":0.68,"flexibilidade":0.26,"resistencia":0.17,"folego":0.57,"forca":0.87,"numeroLesoes":4},
{"nome":"Esta Baitman","dataNascimento":"19/07/1988","peso":0.81,"flexibilidade":0.42,"resistencia":0.39,"folego":0.28,"forca":0.96,"numeroLesoes":6},
{"nome":"Ariadne Botte","dataNascimento":"11/12/1980","peso":0.7,"flexibilidade":0.32,"resistencia":0.64,"folego":0.27,"forca":0.68,"numeroLesoes":1},
{"nome":"Christin Petersen","dataNascimento":"18/02/1982","peso":0.97,"flexibilidade":0.69,"resistencia":0.83,"folego":0.41,"forca":0.76,"numeroLesoes":14},
{"nome":"Darrel Gatch","dataNascimento":"03/07/2002","peso":0.25,"flexibilidade":0.39,"resistencia":0.87,"folego":0.82,"forca":0.33,"numeroLesoes":9},
{"nome":"Melvyn Cardenosa","dataNascimento":"20/07/2001","peso":0.46,"flexibilidade":0.08,"resistencia":0.2,"folego":0.42,"forca":0.04,"numeroLesoes":14},
{"nome":"August Horney","dataNascimento":"30/01/1975","peso":0.09,"flexibilidade":0.76,"resistencia":0.67,"folego":0.58,"forca":0.39,"numeroLesoes":8},
{"nome":"Lorry Gratland","dataNascimento":"28/06/1997","peso":0.0,"flexibilidade":0.46,"resistencia":0.84,"folego":0.3,"forca":0.76,"numeroLesoes":9},
{"nome":"Birk Poxon","dataNascimento":"19/09/1994","peso":0.14,"flexibilidade":0.4,"resistencia":0.82,"folego":0.75,"forca":0.5,"numeroLesoes":10},
{"nome":"Ervin Gliddon","dataNascimento":"27/08/1976","peso":0.42,"flexibilidade":0.11,"resistencia":0.03,"folego":0.09,"forca":0.57,"numeroLesoes":6},
{"nome":"Edithe Silverston","dataNascimento":"16/07/1978","peso":0.95,"flexibilidade":0.08,"resistencia":0.66,"folego":0.05,"forca":0.19,"numeroLesoes":2},
{"nome":"Micki Snowdon","dataNascimento":"20/07/1994","peso":0.26,"flexibilidade":0.26,"resistencia":0.39,"folego":0.89,"forca":0.25,"numeroLesoes":13},
{"nome":"Antonius McLafferty","dataNascimento":"14/10/1988","peso":0.82,"flexibilidade":0.6,"resistencia":0.59,"folego":0.65,"forca":0.32,"numeroLesoes":1},
{"nome":"Butch Wagge","dataNascimento":"11/04/1976","peso":0.42,"flexibilidade":0.62,"resistencia":0.89,"folego":0.31,"forca":0.17,"numeroLesoes":9},
{"nome":"Zaccaria Klaiser","dataNascimento":"24/09/1992","peso":0.49,"flexibilidade":0.72,"resistencia":0.11,"folego":0.25,"forca":0.36,"numeroLesoes":0},
{"nome":"Rivi Russam","dataNascimento":"05/03/1981","peso":0.03,"flexibilidade":0.89,"resistencia":0.27,"folego":0.92,"forca":0.62,"numeroLesoes":3},
{"nome":"Jedidiah Lehrle","dataNascimento":"26/06/1991","peso":0.65,"flexibilidade":0.83,"resistencia":0.41,"folego":0.38,"forca":0.1,"numeroLesoes":1},
{"nome":"Stanislas Filov","dataNascimento":"03/08/1987","peso":0.48,"flexibilidade":0.08,"resistencia":0.78,"folego":0.61,"forca":0.52,"numeroLesoes":5},
{"nome":"Fletch Ickovic","dataNascimento":"15/05/2002","peso":0.96,"flexibilidade":0.59,"resistencia":0.97,"folego":0.62,"forca":0.43,"numeroLesoes":12},
{"nome":"Kerianne McFadzean","dataNascimento":"24/11/1987","peso":0.25,"flexibilidade":0.98,"resistencia":0.61,"folego":0.14,"forca":0.68,"numeroLesoes":15},
{"nome":"Lazarus Chapiro","dataNascimento":"11/01/1984","peso":0.16,"flexibilidade":0.65,"resistencia":0.84,"folego":0.29,"forca":0.48,"numeroLesoes":2},
{"nome":"Jayme Lancetter","dataNascimento":"11/08/1975","peso":0.99,"flexibilidade":0.26,"resistencia":0.18,"folego":0.42,"forca":0.3,"numeroLesoes":0},
{"nome":"Shelley Andrivel","dataNascimento":"16/09/1971","peso":0.09,"flexibilidade":0.01,"resistencia":0.1,"folego":0.65,"forca":0.44,"numeroLesoes":3},
{"nome":"Merrick Dumsday","dataNascimento":"19/08/1982","peso":0.49,"flexibilidade":0.91,"resistencia":0.12,"folego":0.79,"forca":0.5,"numeroLesoes":6},
{"nome":"Gareth Killeley","dataNascimento":"20/09/1979","peso":0.75,"flexibilidade":0.16,"resistencia":0.47,"folego":0.69,"forca":0.18,"numeroLesoes":9},
{"nome":"Christy Kilmaster","dataNascimento":"21/07/1989","peso":0.74,"flexibilidade":1.0,"resistencia":0.32,"folego":0.42,"forca":0.25,"numeroLesoes":3},
{"nome":"Lizbeth Bourke","dataNascimento":"18/07/1987","peso":0.55,"flexibilidade":0.63,"resistencia":0.77,"folego":0.39,"forca":0.91,"numeroLesoes":13},
{"nome":"Luca Spivie","dataNascimento":"22/11/1981","peso":0.28,"flexibilidade":0.83,"resistencia":0.16,"folego":0.63,"forca":0.97,"numeroLesoes":4},
{"nome":"Marysa Wishkar","dataNascimento":"07/03/1988","peso":0.94,"flexibilidade":0.61,"resistencia":0.55,"folego":0.61,"forca":0.03,"numeroLesoes":15},
{"nome":"Philippine Frankiss","dataNascimento":"06/08/2000","peso":0.3,"flexibilidade":0.26,"resistencia":0.49,"folego":0.69,"forca":0.66,"numeroLesoes":0},
{"nome":"Gale Crickmer","dataNascimento":"20/11/1991","peso":0.47,"flexibilidade":0.51,"resistencia":0.14,"folego":0.18,"forca":0.11,"numeroLesoes":12},
{"nome":"Priscilla Gooderridge","dataNascimento":"03/02/1996","peso":0.79,"flexibilidade":0.84,"resistencia":0.2,"folego":0.15,"forca":0.18,"numeroLesoes":4},
{"nome":"Michele Darell","dataNascimento":"06/11/2004","peso":0.62,"flexibilidade":0.38,"resistencia":0.96,"folego":0.17,"forca":0.72,"numeroLesoes":9},
{"nome":"Torrence Speachley","dataNascimento":"18/11/1998","peso":0.01,"flexibilidade":0.99,"resistencia":0.05,"folego":0.47,"forca":0.51,"numeroLesoes":4},
{"nome":"Faber Clemmey","dataNascimento":"18/09/1992","peso":0.94,"flexibilidade":0.66,"resistencia":0.09,"folego":0.97,"forca":0.93,"numeroLesoes":8},
{"nome":"Kermie Gillopp","dataNascimento":"17/08/2001","peso":0.86,"flexibilidade":0.27,"resistencia":0.18,"folego":0.44,"forca":0.94,"numeroLesoes":15},
{"nome":"Orly Lannon","dataNascimento":"22/10/1993","peso":0.06,"flexibilidade":0.03,"resistencia":0.14,"folego":0.52,"forca":0.93,"numeroLesoes":14},
{"nome":"Seka Edwick","dataNascimento":"20/01/1982","peso":0.04,"flexibilidade":0.64,"resistencia":0.74,"folego":0.84,"forca":0.64,"numeroLesoes":8},
{"nome":"Jamill Bidnall","dataNascimento":"14/02/1971","peso":0.86,"flexibilidade":0.02,"resistencia":0.84,"folego":0.35,"forca":0.97,"numeroLesoes":9},
{"nome":"Ban Gobourn","dataNascimento":"09/09/1984","peso":0.86,"flexibilidade":0.56,"resistencia":0.25,"folego":0.95,"forca":0.82,"numeroLesoes":4},
{"nome":"Panchito Golson","dataNascimento":"20/02/2005","peso":0.22,"flexibilidade":0.81,"resistencia":0.78,"folego":0.42,"forca":0.52,"numeroLesoes":10},
{"nome":"Carmencita Petracek","dataNascimento":"16/08/1981","peso":0.3,"flexibilidade":0.89,"resistencia":0.59,"folego":0.03,"forca":0.85,"numeroLesoes":0},
{"nome":"Dorrie Beddingham","dataNascimento":"27/10/1987","peso":0.57,"flexibilidade":0.07,"resistencia":0.44,"folego":0.12,"forca":0.21,"numeroLesoes":1},
{"nome":"Mildred Cardozo","dataNascimento":"27/12/1979","peso":0.99,"flexibilidade":0.96,"resistencia":0.54,"folego":0.53,"forca":0.71,"numeroLesoes":6},
{"nome":"Lenka Dobinson","dataNascimento":"18/04/2002","peso":0.1,"flexibilidade":0.83,"resistencia":0.03,"folego":0.23,"forca":0.78,"numeroLesoes":6},
{"nome":"Port Giottini","dataNascimento":"22/07/1992","peso":0.09,"flexibilidade":0.01,"resistencia":0.42,"folego":0.64,"forca":0.84,"numeroLesoes":15},
{"nome":"Emile Goves","dataNascimento":"09/05/1992","peso":0.36,"flexibilidade":0.35,"resistencia":0.26,"folego":0.48,"forca":0.14,"numeroLesoes":5},
{"nome":"Mahalia Broe","dataNascimento":"02/02/1993","peso":0.12,"flexibilidade":0.71,"resistencia":0.68,"folego":0.55,"forca":0.5,"numeroLesoes":10},
{"nome":"Wyndham Croneen","dataNascimento":"01/07/1984","peso":0.78,"flexibilidade":0.47,"resistencia":0.05,"folego":0.58,"forca":0.56,"numeroLesoes":0},
{"nome":"Dolli Yggo","dataNascimento":"21/03/1987","peso":0.45,"flexibilidade":0.88,"resistencia":0.86,"folego":0.37,"forca":0.76,"numeroLesoes":4},
{"nome":"Felipa Yearnsley","dataNascimento":"08/02/1986","peso":0.05,"flexibilidade":0.97,"resistencia":0.49,"folego":0.17,"forca":0.06,"numeroLesoes":7},
{"nome":"Sean Phare","dataNascimento":"17/02/2007","peso":0.92,"flexibilidade":0.95,"resistencia":0.21,"folego":0.48,"forca":0.57,"numeroLesoes":2},
{"nome":"Birgitta Hein","dataNascimento":"17/10/1989","peso":0.28,"flexibilidade":0.12,"resistencia":0.54,"folego":0.4,"forca":0.11,"numeroLesoes":0},
{"nome":"Charo Pendergast","dataNascimento":"11/07/2006","peso":0.54,"flexibilidade":0.08,"resistencia":0.34,"folego":0.07,"forca":0.49,"numeroLesoes":0},
{"nome":"Bonnee Di Bernardo","dataNascimento":"25/08/2000","peso":0.98,"flexibilidade":0.35,"resistencia":0.32,"folego":0.6,"forca":0.74,"numeroLesoes":15},
{"nome":"Pincus Venditto","dataNascimento":"11/06/1999","peso":0.51,"flexibilidade":0.22,"resistencia":0.82,"folego":0.72,"forca":0.83,"numeroLesoes":13},
{"nome":"Shirleen Jex","dataNascimento":"08/01/1970","peso":0.39,"flexibilidade":0.36,"resistencia":0.03,"folego":0.15,"forca":0.22,"numeroLesoes":2},
{"nome":"Janeta Catherall","dataNascimento":"12/10/1984","peso":0.98,"flexibilidade":0.53,"resistencia":0.77,"folego":0.85,"forca":0.34,"numeroLesoes":10}]